ደረጃ,ርዕስ,ቀን,ዜና,ድረ-ገጽ
1,ትራምፕ በነዳጅ ጫኝ መርከቦች ላይ ለተፈፀሙት ጥቃቶች ኢራንን ከሰሱ,15 ጁን 2019,"



Image copyright
Reuters

ኢራን በዖማን ባሕረ-ሰላጤ ውስጥ በሁለት ነዳጅ ጫኝ መርከቦች ላይ በተፈፀመው ጥቃት ውስጥ እጄ የለበትም ማለቷን የአሜሪካው ፕሬዝደንት አጣጣሉት።ፕሬዝደንት ትራምፕ በትንሽዬ ጀልባ ላይ የሚታዩ የኢራን ኃይሎች ያልፈነዳ ፈንጂ ከአንደኛው መርከብ አካል ላይ ሲያነሱ የሚያሳይ የቪዲዮ ማስረጃን በመጥቀስ ነው ኢራንን ተጠያቂ ያደረጉት።ጉዳዩ ያሳሰባቸው የተባበሩት መንግሥታት ድርጅት ዋና ጸሐፊ አንቶኒዮ ጉቴሬዝ ""እውነታው ጥርት ባለሁኔታ መታወቅ አለበት"" ብለዋል።ሩሲያ በበኩሏ ሁሉም በጥድፊያ ከሚሰጥ ድምዳሜ እንዲቆጠብ አስጠንቅቃለች።• ኢትዮጵያ ኢንትርኔትን ስታቋርጥ በየቀኑ 4.5 ሚሊዮን ዶላር ታጣለች• የደም ሻጮችና ለጋሾች ሠልፍየአሁኑ የፈንጂ ጥቃት የተፈፀመው ከወር በፊት ከተባበሩት ዐረብ ኤምሬቶች የባሕር ዳርቻ አቅራቢያ አራት ነዳጅ ጫኝ መርከቦች ላይ በተፈፀመ ጥቃት ጉዳት ከደረሰባቸው በኋላ ነው።አሜሪካም በወቅቱ ለጥቃቶቹ ኢራንን ተጠያቂ አድርጋ ብትከስም ምንም ዓይነት ማስረጃ ግን አላቀረበችም ነበር፤ ኢራንም ክሱን አስተባብላው ቆይታለች።ፕሬዝደንት ትራምፕ ከተመረጡ በኋላ በአሜሪካና በኢራን መካከል የነበረው ፍጥጫ በከፍተኛ ደረጃ ተካሯል። ትራምፕ አሜሪካ በፕሬዝደንት ኦባማ የአስተዳደር ዘመን ከኢራን ጋር ደርሰው የነበረውን የኑክሊዬር ስምምነትን ከሰረዙ በኋላ በሃገሪቱ ላይ የተጣለውን ማዕቀብ አጥብቀውታል።ትራምፕ ምን አሉ? ፕሬዝዳንቱ ለፎክስ ኒውስ እንደተናገሩት ""ኢራን ጥቃቱን ፈፅማዋለች"" ብለዋል።""እንደምገምተው ካጠመዷቸው ፈንጂዎች መካከል እንዱ አልፈነዳም ነበር፤ በላዩ ላይም የኢራን ስም ሳይኖርበት አይቅርም፤ በዛ በጨለማ ከመርከቡ ላይ ያልፈነዳውን ፈንጂ ሲያነሱ ተጋልጠዋል"" ሲሉ ኢራንን ከሰዋል።ፕሬዝደንቱ ጨምረውም በባሕር ላይ ክሚጓጓዘው የዓለም የነዳጅ ፍጆታ አንድ ሦስተኛው የሚተላለፍበትን የሆርሙዝ ሰርጥን ኢራን ልትዘጋው ትችላለች ብለው እንደማያስቡም ገልፀዋል።ፕሬዝደንት ትራምፕ ኢራንን የወነጀሉት የሃገራቸው የውጪ ጉዳይ ሚኒስትር ማይክ ፖምፔዎ ጥቃቱን በተመለከተ ፈንጂዎችን፤ የሠለጠኑ ጥቃት ፈፃሚዎችንና በቅርብ በኢራን አማካይነት ተፈጽመዋል የተባሉ ተመሳሳይ ጥቃቶችን በማነጻጸር ኢራን ከጥቃቶቹ ጀርባ እንዳለች ከከሰሱ በኋላ ነው።• ኤርትራ በቤተ ክርስቲያን ስር ያሉ የጤና ተቋማትን ወሰደች የአሜሪካ የመከላከያ ሚኒስትር የሆኑት ፓትሪክ ሻናሃንም ""በዚህ ዓለም አቀፍ ችግር ላይ ዓለም አቀፍ መግባባት ለመፍጠር"" አሜሪካ ያላትን የደህንነት መረጃ እያጋራች ነው በማለት ጣታቸውን ወደ ኢራን ጠቁመዋል።የኢራን ምላሽ ምንድን ነው?የኢራኑ ፕሬዝዳንት ሃሰን ሩሃኒ አርብ ዕለት ""አሜሪካ በመካከለኛው ምሥራቅ መረጋጋት ላይ አሳሳቢ ስጋት እየደቀነች ነው"" ሲሉ በዖማን ባሕረ-ሰላጤ ላይ የተፈፀሙትን ጥቃቶች በቀጥታ ሳይጠቅሱ ከስሰዋል።አክለውም የትራምፕ አስተዳደር በተናጠል እራሱን ያገለለበትን የ2015 የኑክልዬር ስምምነት እንዲከበር ለዓለም አቀፉ ማሕበረሰብ ጥሪያቸውን አቅርበዋል።የኢራን የውጪ ጉዳይ ሚኒስትር ጃቫድ ዛሪፍ በትዊተር ላይ ባሰፈሩት ጽሑፍ አሜሪካ ""ቅንጣት ታክል ተጨባጭም ሆነ አመላካች ማስረጃ ሳይኖራት ዲፕሎማሲያዊ አሻጥር ለመፈፀም እየሞከረች ነው"" ሲሉ ከሰዋል።
",https://www.bbc.com/amharic/48646100
2,ለመሆኑ ኢንተርኔቱን ማን አጠፋው?,15 ጁን 2019,"



Image copyright
ullstein bild

ይህ ለቢቢሲ ጋዜጠኞች የሚሊዮን ብር ጥያቄ ሆኖ ነበር የሰነበተው። በቀን ሚሊዮን ዶላሮችን እያጣ የነበረው ቴሌም ቢሆን ለዚህ ጥያቄ ድፍንም ሆነ ዝርዝር ምላሽ የለውም።የዋናው ሥራ አስፈጻሚ ጽሕፈት ቤት ኃላፊ ወይዘሪት ጨረር አክሊሉ ከትናንት በስቲያ ከቢቢሲ ጋር በነበራቸው ቆይታ ሊሉ የቻሉት • በንቅለ ተከላ ዕይታው የተመለሰለት ኢትዮጵያዊ ታዳጊ• ኢትዮቴሌኮም ኢንተርኔት ለምን እንደተቋረጠ መግለፅ እንደማይችል አስታወቀ ""ለተወሰኑ ሰዓታት ተቋርጦ ነበር። ኢትዮ ቴሌኮም አሁን በዚህ በዚህ ምክንያት ነው የተቋረጠው ብሎ መግለጽ አይችልም። ምናልባት ሌላ አካል ሊገልጸው ይችላል። እኛ ግን ይህ ነው ብለን የምንገልጸው አይደለም። ""ለመሆኑ ኢንተርኔቱን ማን አጠፋው?ኢንተርኔት በመጥፋቱ የደረሰውን ሁሉን አቀፍ ምጣኔ ሀብታዊ ጉዳት የሚያሰላ ምናባዊ ካልኩሌተር የለም እንጂ፤ ቢኖር ኖሮ...ለነገሩ እሱም ኢንተርኔት መፈለጉ አይቀር ይሆናል...ብቻ ያም ሆነ ይህ ቴሌ በቀን ስንት እንደከሰረ ተደርሶበታል። 'ኔትብሎክስ' የተሰኘ የኢንተርኔት ጥናት ቡድን ለቢቢሲ በሰጠው ቃል ቴሌ በቀን ሊያውም በትንሹ 4.5 ሚሊየን ዶላር አይኑ እያየ ያመልጠዋል ብሏል።""በኢትዮጵያ የአንድ ቀን የኢንተርኔት መዘጋት ቢያንስ 4.5 ሚሊየን የአሜሪካን ዶላር ያሳጣል""።• አምስት ጂ ኢንተርኔት ምን አዲስ ነገር አለው? ይህ ወደ አገር ቤትኛ (ብር) ሲመነዘር እንደ ድሀ አገር በሦስት ቀናት ቢያንስ 360 ሚሊዮን ብር የሚደርስ አጥተናል። ይህ ገንዘብ ሁለት የ2ኛ ደረጃ ትምህርት ቤቶችን በገጠሪቱ ኢትዮጵያ አንፈላሶ አያስገነባም? 
/* sc-component-id: BBCLogo__SVG-s6hgfth-0 */
.gBBCrV.gBBCrV{display:block;}
/* sc-component-id: BurntInBBCLogo__BurntBBCLogo-s1rb43ow-0 */
.fMypbx.fMypbx{background-color:#FFF;padding:1px 2px;position:absolute;bottom:10px;left:16px;display:none;}
/* sc-component-id: Img__Image-s1jp862x-0 */
.lmLsXj.lmLsXj{width:100%;height:100%;object-fit:cover;object-position:50% 50%;position:absolute;}
/* sc-component-id: Img__PicImage-s1jp862x-1 */
.dtAYqF.dtAYqF{max-width:743px;width:50%;position:relative;min-height:200px;-webkit-flex:1 1 auto;-ms-flex:1 1 auto;flex:1 1 auto;}
/* sc-component-id: Img__PicImgCaption-s1jp862x-2 */
.hFvkjg.hFvkjg{max-width:100%;position:absolute;bottom:0;right:0;color:#ffffff;background:#000000;opacity:0.7;font-family:NotoSansEthiopic,Arial,Verdana,Geneva,Helvetica,sans-serif;padding:5px;word-wrap:break-word;} @media (max-width:599px){.hFvkjg.hFvkjg{font-size:12px;line-height:16px;}} @media (min-width:600px) and (max-width:1007px){.hFvkjg.hFvkjg{font-size:13px;line-height:16px;}} @media (min-width:1008px){.hFvkjg.hFvkjg{font-size:12px;line-height:16px;}}
/* sc-component-id: PicContainer-iky41v-0 */
.dkfFzK.dkfFzK{background-color:#F2EFEC;overflow:hidden;display:-webkit-box;display:-webkit-flex;display:-ms-flexbox;display:flex;-webkit-flex-direction:row;-ms-flex-direction:row;flex-direction:row;-webkit-flex-wrap:wrap;-ms-flex-wrap:wrap;flex-wrap:wrap;box-sizing:border-box;}
/* sc-component-id: TextContainer-s1h09wvt-0 */
.bTxczK.bTxczK{width:45%;position:relative;margin:0;padding:15px 20px 25px 10px;word-wrap:break-word;box-sizing:border-box;-webkit-flex:1 1 auto;-ms-flex:1 1 auto;flex:1 1 auto;}
/* sc-component-id: Title-s5nqr84-0 */
.bNPzrs.bNPzrs{font-family:NotoSansEthiopic,Arial,Verdana,Geneva,Helvetica,sans-serif;color:#222222;font-weight:bold;} @media (max-width:599px){.bNPzrs.bNPzrs{font-size:20px;line-height:24px;}} @media (min-width:600px) and (max-width:1007px){.bNPzrs.bNPzrs{font-size:26px;line-height:30px;}} @media (min-width:1008px){.bNPzrs.bNPzrs{font-size:24px;line-height:28px;}}
/* sc-component-id: Subheading-s1hcgie-0 */
.gPsiwE.gPsiwE{font-family:NotoSansEthiopic,Arial,Verdana,Geneva,Helvetica,sans-serif;color:#222222;margin:0;} @media (max-width:599px){.gPsiwE.gPsiwE{font-size:16px;line-height:20px;}} @media (min-width:600px) and (max-width:1007px){.gPsiwE.gPsiwE{font-size:18px;line-height:22px;}} @media (min-width:1008px){.gPsiwE.gPsiwE{font-size:16px;line-height:20px;}}
/* sc-component-id: Source__SourceText-s1mlfx3o-0 */
.kUzNiZ.kUzNiZ{display:block;margin-top:15px;font-family:NotoSansEthiopic,Arial,Verdana,Geneva,Helvetica,sans-serif;color:#404040;} @media (max-width:599px){.kUzNiZ.kUzNiZ{font-size:15px;line-height:18px;}} @media (min-width:600px) and (max-width:1007px){.kUzNiZ.kUzNiZ{font-size:15px;line-height:20px;}} @media (min-width:1008px){.kUzNiZ.kUzNiZ{font-size:14px;line-height:18px;}}
/* sc-component-id: FigureList-yjhr8u-0 */
.dUzJAX.dUzJAX{list-style:none;padding:0px;margin:0;}
/* sc-component-id: FigureList__Figure-yjhr8u-1 */
.kBgHrk.kBgHrk{max-width:100%;margin-right:20px;} .kBgHrk.kBgHrk:last-of-type{margin-bottom:8px !important;} .FigureList-yjhr8u-0 > .kBgHrk.kBgHrk{display:inline-block;} .kBgHrk.kBgHrk > p{margin:0;}
/* sc-component-id: SuperFigureList__Impact-s1729dmb-0 */
.dhjsZA.dhjsZA{font-family:NotoSansEthiopic,Arial,Verdana,Geneva,Helvetica,sans-serif;font-weight:bold;color:#1380A1;display:inline-block;} .dhjsZA.dhjsZA:first-child{margin-left:0px;margin-right:8px;} .dhjsZA.dhjsZA:last-child{margin-left:8px;margin-right:0px;} .dhjsZA.dhjsZA{display:block;} @media (max-width:599px){.dhjsZA.dhjsZA{font-size:40px;line-height:44px;}} @media (min-width:600px) and (max-width:1007px){.dhjsZA.dhjsZA{font-size:52px;line-height:56px;}} @media (min-width:1008px){.dhjsZA.dhjsZA{font-size:44px;line-height:48px;}}
/* sc-component-id: SuperFigureList__Text-s1729dmb-2 */
.iEiELQ.iEiELQ{font-family:NotoSansEthiopic,Arial,Verdana,Geneva,Helvetica,sans-serif;color:#222222;} @media (max-width:599px){.iEiELQ.iEiELQ{font-size:16px;line-height:20px;}} @media (min-width:600px) and (max-width:1007px){.iEiELQ.iEiELQ{font-size:18px;line-height:22px;}} @media (min-width:1008px){.iEiELQ.iEiELQ{font-size:16px;line-height:20px;}} .iEiELQ.iEiELQ{display:block;}

          html, body{
            margin: 0;
            padding: 0;
          }
          
  @font-face {
    font-family: 'ReithSans';
    font-display: swap;
    src: url(/static/media/BBCReithSans_W_Rg.woff2) format(""woff2""), url(/static/media/BBCReithSans_W_Rg.woff) format(""woff"");
  }
  @font-face {
    font-family: 'ReithSans';
    font-display: swap;
    src: url(/static/media/BBCReithSans_W_Md.woff2) format(""woff2""), url(/static/media/BBCReithSans_W_Md.woff) format(""woff"");
    font-weight: bold;
  }

  @font-face {
    font-family: 'BBCNassim';
    font-display: swap;
    src: url(/static/media/BBCNassimRegularFADesktop.ttf) format(""truetype"");
  }
  @font-face {
    font-family: 'BBCNassim';
    font-display: swap;
    src: url(/static/media/BBCNassimBoldFADesktop.ttf) format(""truetype"");
    font-weight: bold;
  }

  @font-face {
    font-family: 'Iskoola_pota_bbc';
    font-display: swap;
    src: url(/static/media/iskpotaRegular.ttf) format(""truetype"");
  }
  @font-face {
    font-family: 'Iskoola_pota_bbc';
    font-display: swap;
    src: url(/static/media/iskpotaBold.ttf) format(""truetype"");
    font-weight: bold;
  }

  @font-face {
    font-family: 'Latha';
    font-display: swap;
    src: url(/static/media/lathaRegular.ttf) format(""truetype"");
  }
  @font-face {
    font-family: 'Latha';
    font-display: swap;
    src: url(/static/media/lathaBold.ttf) format(""truetype"");
    font-weight: bold;
  }

  @font-face {
    font-family: 'Mangal';
    font-display: swap;
    src: url(/static/media/mangalRegular.ttf) format(""truetype"");
  }
  @font-face {
    font-family: 'Mangal';
    font-display: swap;
    src: url(/static/media/mangalBold.ttf) format(""truetype"");
    font-weight: bold;
  }

  @font-face {
    font-family: 'Noto Sans CJK KR';
    font-display: swap;
    src: url(/static/media/NotoSansCJKkr-Regular.otf) format(""opentype"");
  }
  @font-face {
    font-family: 'Noto Sans CJK KR';
    font-display: swap;
    src: url(/static/media/NotoSansCJKkr-Bold.otf) format(""opentype"");
    font-weight: bold;
  }

  @font-face {
    font-family: 'Noto Sans Gurmukhi';
    font-display: swap;
    src: url(/static/media/NotoSansGurmukhi-Regular.ttf) format(""truetype"");
  }
  @font-face {
    font-family: 'Noto Sans Gurmukhi';
    font-display: swap;
    src: url(/static/media/NotoSansGurmukhi-Bold.ttf) format(""truetype"");
    font-weight: bold;
  }

  @font-face {
    font-family: 'Padauk';
    font-display: swap;
    src: url(/static/media/PadaukRegular.ttf) format(""truetype"");
  }
  @font-face {
    font-family: 'Padauk';
    font-display: swap;
    src: url(/static/media/PadaukBold.ttf) format(""truetype"");
    font-weight: bold;
  }

  @font-face {
    font-family: 'Shonar_bangala';
    font-display: swap;
    src: url(/static/media/ShonarRegular.ttf) format(""truetype"");
  }
  @font-face {
    font-family: 'Shonar_bangala';
    font-display: swap;
    src: url(/static/media/ShonarBold.ttf) format(""truetype"");
    font-weight: bold;
  }

  @font-face {
    font-family: 'NotoSansEthiopic';
    font-display: swap;
    src: url(/static/media/NotoSansEthiopic-Regular.ttf) format(""truetype"");
  }
  @font-face {
    font-family: 'NotoSansEthiopic';
    font-display: swap;
    src: url(/static/media/NotoSansEthiopic-Bold.ttf) format(""truetype"");
    font-weight: bold;
  }

        
Getty ኢትዮጵያ የኢንተርኔት አገልግሎት በመዝጋቷበየ1 ሰዓቱ 5,296,006 ብርታጣለች።Source: Netblocks
          IDT.init({""graphicUUID"":""ab2fc29e-052d-4a12-bd12-e285cc4a89eb""});
        ለመሆኑ ኢንተርኔቱን ማን አጠፋው? ምናልባት ብዙዎች መላምት እንደመቱት 1.2 ሚሊዮን ተማሪዎች ለብሔራዊ ፈተና መቀመጣቸው ይሆን?የአገር አቀፍ የትምህርት ምዘናና ፈተናዎች ኤጀንሲ ዋና ዳይሬክተር አቶ አርአያ ገብረእግዚያብሔር ኢንተርኔቱን አጥፉልን ብለው ተማጽነው ይሆን? ሰሞኑን ደውለንላቸው ይህን ነበር ያሉን፤""ከቴሌ ጋር አቋርጡልን ብለን? እንደዚህ ሰርተን አናውቅም። እኛ ምን አቅም አለን?"" በፈገግታ ታጅበው መልሳቸውን ሰጥተውናል።ታዲያ ኢንተርኔቱን ማን አጠፋው? ምናልባት እንደሚወራው ትምህርት ሚኒስቴር ቢሆንስ? ወደዚያው ደወልን። ወይዘሮ ሀረጓ ማሞ የከፍተኛ ትምህርትና ሳይንስ ሚኒስቴር የሕዝብ ግንኙነት ባልደረባ ናቸው። የሚያውቁት ነገር ይኖር ይሆን?""ምንም መረጃ የለኝም። መቆራረጡ ከፈተና ጋር የተያያዘ ነው ብዬም አላምንም""።ለጊዜው ኢንተርኔቱ ጠፋብኝ እንጂ አጠፋሁት የሚል መሥሪያ ቤት አልተገኘም።ቆይ ግን...ጠቅላይ ሚኒስቴር ጽ/ቤት ቢሆንስ? ጠቅላይ ሚኒስትር ጽ/ቤትን ሳይጠይቁ ፋይሉን መዝጋት አግባብ አይሆንም። በጠቅላይ ሚኒስትር ጽሕፈት ቤት የፕሬስ ሴክሬቴሪያት ባልደረባ ሄለን ዮሴፍ ""የእኛ ጽሕፈት ቤት እኮ ሁሉን ነገር ሊመልስ አይችልም። ለምንድነው የሚመለከተውን የማትጠይቁት? ለምንድነው ወደ ቴሌ የማትደውሉት በሚል ጥያቄያችንን በጥያቄ መልሰውታል።ቴሌ ደውለን መንግሥት ነው ምላሽ መስጠት ያለበት መባላችንን ብንነግራቸውም ከዚህ በላይ ሊተባበሩን እንደማይችሉ ገልጸው ፋይሉን ወደ መዝገብ ቤት መልሰውታል።ለመሆኑ ኢንተርኔቱን ማን ነው ያጠፋው? 
",https://www.bbc.com/amharic/news-48646018
3,በሰሜን ናይጄሪያ ጎሬላ 7 ሚሊየን ናይራ በላ ተባለ,15 ጁን 2019,"



Image copyright
AFP

በሰሜን ናይጄሪያ ጎሬላው 7 ሚሊየን ናይራ (566222 ብር) ቅርጥፍ አድርጎ በላ ተባለ።የካኖ የእንስሳት መኖሪያ የበላይ ኃላፊ ዑማር ካሼኮቦ ለቢቢሲ ""ፖሊስ የተፈጠረውን እየመረመረ ነው፤ ማለት የምችለው ገንዘቡ ጠፍቷል ብቻ ነው"" ብለዋል።ገንዘቡ የተሰበሰበው ወደ እንስሳት ማቆያ ከሚከፈል መግቢያ ሲሆን የአምስት ቀን ገቢ እምጥ ይግባ ስምጥ አልታወቀም ሲሉ ተናግረዋል የካኖ ፖሊስ ቃል አቀባይ አብዱላሂ ኪያዋ።እስካሁን ድረስ 10 ሰዎች በቁጥጥር ስር ውለው ይህን ያህል ገንዘብ እንዴት በካዝናችሁ አስቀመጣችሁ? ለምን ባንክ አላስገባችሁትም? ተብለው እየተመረመሩ ነው።የገንዘቡን መጥፋት ለመጀመሪያ ጊዜ የዘገበው በካኖ አካባቢ የሚሠራጨው ፍሪደም ራድዮ ነበር።• የዘንድሮ አፍሪካ ዋንጫ ውድድሮች • የኢትዮጵያ ፊልም ወዲያና ወዲህ• 'የማለዳ ወፍ' ነዎት ወይስ 'የሌሊት'?በወቅቱ ለራድዮ ጣቢያው ቃለ-መጠይቅ የሰጡት የእንስሳት ማቆያው ፋይናንስ ባልደረባ ጎሬላው ወደ ገንዘብ ቤቱ ገብቶ ከሰረቀ በኋላ ዋጠው ሲሉ ተናግረዋል።ባለፈው ዓመት በቤኑ ግዛት የናይጄሪያ ብሔራዊ ፈተና ድርጅት ባለሥልጣን ለፈተናና ተያያዥ ወጪዎች እርሳቸው ጋር የተቀመጠውን 36 ሚሊየን ናይራ (2911999 ብር) እባብ ወደ ቢሯቸው ገብቶ እንደዋጠው ተናግረው ነበር።እኚህ ግለሰብና ሌሎች ባለሥልጣናት ላይ በማጭበርበር የተመሰረተባቸው ክስ ከጥቂት ሳምንታት በፊት ጥፋተኛ አይደሉም የሚል ውሳኔ አግኝቷል።
",https://www.bbc.com/amharic/news-48646098
4,የመንግሥት ድርጅቶችን 'ፕራይቬታይዝ' ጉዳይ እጅግ አከራካሪ ሆኗል,15 ጁን 2019,"



Image copyright
Ethiotelecom/ET

ጠቅላይ ሚኒስትር ዐብይ አሕመድ ወደ ሥልጣን የመጡ ሰሞን ነበር ከኤርትራ ጋር ሰላም እንደሚያሰፍኑ፤ በመንግሥት ስር ያሉ ግዙፍ የኢኮኖሚ ተቋማት ሙሉ በሙሉም ሆነ በከፊል ወደ ግል እንዲሸጋጋሩ ለማድረግ እንደሚሰሩ ይፋ አደረጉ።በወቅቱ ሁለቱም አበይት ጉዳዮች አነጋጋሪ ነበሩ። የጠቅላይ ሚኒስትሩ ቀዳሚ ሥራ የነበረው ግን የኤርትራ ጉዳይ ነበር። 'የፕራይቬታይዜሽኑ' ጉዳይ በይደር ተቀምጦ ቆይቷል። ጉዳዩ ለሕዝብ ጆሮ ከደረሰ ከአንድ ዓመት በኋላ አሁን እንደ አዲስ ተነስቶ መናጋገሪያ ሆኗል።  ሐሙስ እለት የሕዝብ ተወካዮች ምክር ቤት የዉጭ ኩባንያዎች በቴሌኮሙኑኬሽን ዘርፍ መዋዕለ ነዋይ እንዲያፈሱ የሚፈቅድ ረቂቅ ሕግ አፅድቋል።ምክር ቤቱ ገለልተኛ የኮሙዩኒኬሽን ባለስልጣን መስሪያ ቤትን ለማቋቋም የሚያስችል አዋጅም እንዳጸደቀ የተከበሩ ዶ/ር ሙሉጌታ ለቢቢሲ አስረድተዋል።ባለስልጣኑ የቴሌኮም ዋጋ ትመናን፣ የኮምኒኬሽን ፖሊሲዎችን ማስፈጸምና የኮምኒኬሽን ድርጅቶችን፣ ኢንተርኔትንና የሬዲዮ ሞገዶችን ይቆጣጠራል ሲሉም ያብራራሉ።• «አማካሪ አያስፈልገኝም ብሎ የሚያስብ መሪ አልገባውም ማለት ነው» ፕሮፌሰር አለማየሁ ገዳ'ፕራይቬታይዜሽን' ወይንም የመንግሥት ድርጅቶችን ለግል ይዞታነት የማዞር ጉዳይ የምጣኔ ሃብት ባለሙያዎችንና ፖለቲከኞችን በሦስት ጎራ ከፋፍሏል።አንደኛው ጎራ 'አዎ መሸጥ አለባቸው፤ እኒህ ድርጅቶች ገበያውን በሞኖፖል ይዘውት እስከመቼ?' የሚል ሃሳብ የሚያነሱ ግለሰቦች ስብስብ ነው። ሁለተኛው ደግሞ 'ይህ ሃገር ከመሸጥ አይተናነስም፤ የመወዳደር አቅም ሳይኖረን እንዴት ሃብታሞች ሃገራችን እንዲገቡ እንፈቅዳለን?' ሲሉ ይሞግታሉ። ሦስተኛው 'መሸጥ ያለባቸው እና የለሌባቸው አሉ' ሲሉ የሚመክሩ ናቸው። በአዲስ አበባ ዩኒቨርሲቲ የምጣኔ ሀብት ምሁሩ ፕሮፌሰር አለማየሁ ገዳ ከሁለቱ ፅንፍ ሃሳቦች መሃል ላይ ናቸው። «ይህንን ፖሊሲ የሚያስፈፅሙ ሰዎች ሁሉም ነገር ፕራይቬታይዝ ይደረጋል ብለው ማሰብ የለባቸውም። መደረግ ያለባቸው አሉ፤ መደረግ የሌለባቸው አሉ። ለምሳሌ በምንም መሥፈርት የኢትዮጵያ አየር መንገድ መደረግ የለበትም። በፖለቲካም በኢኮኖሚም መሥፈርት መደረግ የለበትም። ከሃገር ጥቅምም አንፃር መደረግ የሌለበት ነው"" በማለት አጥብቀው ይከራከራሉ። ነገር ግን ይላሉ ፕሮፌሰር አለማየሁ «ሌሎቹን ለምሳሌ ስኳር ፋብሪካን ፕራቬታይዝ ብታደርገው፤ ብትሸጠው አዋጭ ነው። ኢትዮ-ቴሌኮም ላይ ስትመጣ ደግሞ አብዛኛውን ድርሻ እኛ ይዘነው ለምሳሌ 70 በመቶውን ከያዝነው በኋላ ሌላውን መሸጥ አዋጭ ነው። ቀሪውን ድርሻ የሚይዘው ደግሞ አፍሪካዊ ድርጅት ቢሆን ይመረጣል፤ በዚያውም የቀጠናውን ጥምረት ለማጠናከር።»• ኢትዮ ቴሌኮም... ወዴት? ወዴት?መሸጡ የግድ ቢሆን እንኳ 'ሬጉላቶሪ ቦዲ' [ተቆጣጣሪ አካል] ማቋቋም ሊውል ሊያድር የሚገባው ጉዳይ እንዳልሆነ ፕሮፌሰሩ ያስረዳሉ።«ለምሳሌ መንግሥት 60 በመቶ ገቢ ያገኘው ከቴሌ ነው። ሌላው 30 በመቶ ከንግድ ባንክ ነው። ስለዚህ ንግድ ባንክን፤ ቴሌን ሸጥክ ማለት ባዶ እጅህን ነው አራት ኪሎ ቁጭ የምትለው። ስለዚህ ምጣኔ ሃብታዊ ውሳኔ ለመወሰን ምንም ዓይነት 'ኢንቨስትመንት' የለህም ማለት ነው። አሁን መንግሥት ማድረግ ያለበት፤ በተለይ እንደ ቴሌ ላሉት የተወሰነውን ሽጦ ሲያበቃ የመቆጣጠር አቅሙ ሲጎለብት ለሌሎች ክፍት ማድረግ ነው።»የቀድሞ የሰማያዊ ፓርቲ አባል የነበሩት ፖለቲከኛው ዮናታን ተስፋዬ የመንግሥትን 'ፕራቬታይዜሽን' ዕቅድ ከሚደግፉት መካከል አንዱ ናቸው። «ፕራቬታይዝ የማድረጉ አንደኛ ጥቅም 'ሞኖፖሊ' እንዳይኖር ማድረጉ ነው። ሁለተኛ የፉክክር ገበያ ይኖራል፤ ይህ ደግሞ ሕብረተሰቡ የተሻለ ምርትና አገልግሎት እንዲያገኝ ያደርጋል።»ምጣኔ ሃብታዊውን ትንታኔ ለባለሙያዎች ልትወው፤ የሚሉት አቶ ዮናታን «የመንግሥት ድርጅቶች በመንግሥት ቁጥጥር ሥር መሆን አምባገነንነትን ያበረታታል» ባይ ናቸው።«'እኔ ነኝ አሳቢ፤ እኔ የተሻለ ለማሕበረሰቡ እጨነቃለሁ' የሚል ሥነ-ልቡናን እያሳደረ ነው የሚሄደው። ይህ አስተሳሰብ ደግሞ ሥር በሰደደ ቁጥር ሌሎች ተፎካካሪ ኃይሎችን እንደ ሥልጣን ተቀናቃኝ ነው የሚያየው፤ ምክንያቱም ራሱ ነጋዴው መንግሥት እየሆነ ስለሚመጣ። ስለዚህ ፖለቲካዊ ብልሽትን ይፈጥራል፤ ነፃ ገበያ እና ፉክክር የሌለበት፤ አንድ ወገን ብቻ እሴት የሚጨምርበት በጣም ደካማ የገበያ ሥርዓት እንዲኖር ነው የሚያደርገው።»• ኢትዮጵያ ኢንትርኔትን ስታቋርጥ በየቀኑ 4.5 ሚሊዮን ዶላር ታጣለችየሕዝብ ይሁንታ የምጣኔ ሃብት ባለሙያዎች 'ዘ ቢግ ፋይቭ' ይሏቸዋል፤ አየር መንገድ፣ ቴሌኮም፣ ባንክ፣ ባቡር እና ስኳር ፋብሪካዎች። መንግሥት እነዚህን ድርጅቶች ለግል ባለሃብቶች ሲሸጥ ሕዝብን ማማከር አለበት የሚሉ ሃሳቦች በአለፍ ገደም እያሉ ይደመጣሉ። አቶ ዮናታን «ይሄ እኮ የኢኮኖሚ ጉዳይ ነው. . .» ይላሉ። «ይሄ የኢኮኖሚ ጉዳይ ነው። የኢኮኖሚ ጉዳይ ደግሞ በባለሙያዎች ጥናት ተደርጎ፤ በዚያ ጥናት ላይ ተመርኩዞ፤ ካለው ነባራዊ ሁኔታ አንፃር ይሄ ያዋጣል ብለን የምንወስነው ነገር ነው እንጂ ልክ እንደባንዲራ ጉዳይ ወይም የክልል እንሁን ጥያቄ ሕዝበ-ውሳኔ የሚደረግበት አይደለም። በየትኛውም ዓለም ላይ ሕዝብ በእንደዚህ ዓይነት የኢኮኖሚ ፖሊሲ ጉዳዮች ላይ ቀጥተኛ የሆነ ውሳኔ ማሳለፍ አይችልም።»  መሰል የፖሊሲ ለውጦች የሕዝብ ቀጥተኛ ተሳትፎ ባይኖራቸው እንኳ ምርጫ እስኪመጣ መጠበቅ አይቻልም ወይ? በርካቶች የሚያነሱት ጥያቄ ነው። እርግጥ ነው አቶ ዮናታን በዚህ ጉዳይ ይስማማል። ግን እሱ አልሆነም፤ አሁን ሥልጣን ላይ ያለው መንግሥት ለሃገሪቱ ይጠቅማል የሚለውን ፖሊሲ የማፅደቅ መብት አለው ይላል።«አሁን ባለንበት ወቅት ኢኮኖሚው እየወደቀ ነው። ለዚህ ደግሞ አንድ ትልቅ ድርሻ የሚወስዱት የመንግሥት የልማት ድርጅቶች ናቸው። እነዚህ የልማት ድርጅቶች መወዳደር የሚችሉ ስላልሆኑ አሁን ያለው የኢኮኖሚ ሁኔታ ምንም ሊቋቋመው የሚችለው አይደለም። የውጭ ባለሃብቶችን መሳብ የሚቻለው ደግሞ የኢኮኖሚ ፖሊሲውን መቀየር ሲቻል ነው።»


Skip Twitter post  by @EyobBalcha

#Ethiopia - watch out the #NeoliberalTiger has already jumped on you! a mini uncensored thread (again!)1) Just after the launch of GTP-1 - Access Capital under the leadership of Ermias Amelga produced a study report with clear policy recommendations. I couldn't find the report..— Eyob Aselefech Balcha ኢዮብ (@EyobBalcha) 11 ጁን 2019

End of Twitter post  by @EyobBalcha



ነዋሪነቱን እንግሊዝ ያደረገው የምጣኔ ሃብት ምሁሩ እዮብ ባልቻ፤ አዲሱ የፕራቬታይዜሽን አጀንዳ በግለሰቦች የሚመራ ነው ሲል ይሞግታል። እንደ እዮብ ትንተና አሁን ጠቅላይ ሚኒስትሩን በምጣኔ ሃብት ጉዳይ የሚያማክሩ ግለሰቦች ከዓለም ባንክና እና ዓለም አቀፉ ገንዘብ ድርጅት ጋር በቀጥታም ሆነ ተዘዋዋሪ ቁርኝት ያላቸው ናቸው። ምንም እንኳ የእዮብ ትንታኔ ግለሰቦቹ ላሳኩት ግብ ምስጋና ቢሰጥም በፕራቬታይዜሽን ጉዳይ ላይ ያላቸው አቋም አያስተማምንም ይላል።ፕሮፌሰር አለማየሁም ቢሆን ጠቅላይ ሚኒስትሩ በዓለም አቀፍ ድርጅቶች ሥር ጫና እንዳሉና ያንን ጫና ለመቋቋም የሚያስችል የምጣኔ ሃብት አቅም የላቸውም ባይ ናቸው። ትክክለኛው ጊዜ ላይ እንሆን?ለፕሮፌሰሩ የመንግሥት ድርጅቶችን ለገበያ የማቅረብ ጊዜው አሁን አይደለም። ትርፉ ከመንግሥት ሞኖፖሊ ወደ ግለሰብ ሞኖፖሊ መሸጋገር ነው ይላሉ። • ወሳኝ ምጣኔ ሃብታዊ እርምጃዎች በ100 ቀናት«ለምሳሌ ቴሌን በ5 ወይም 10 ቢሊዮን ዶላር ሸጥነው እንበል። ነገ ያ ድርጅት የሚያተርፈውን አትርፎ የቀረውን ይዞ ሹልክ ይላል። በኢትዮጵያ ሕግ ደግሞ ያተረፍከውን ገንዘብ 'እክስፓትረየት' [ይዘህ መውጣት] ማድረግ ትችላለህ፤ የፈለግከውን። መሰል ስትራቴጂክ ነገሮችን ስታስብ መንግሥት ለፕራቬታይዜሽን መጣደፍ የለበትም። መንግሥትም ስለጨነቀውና ዶላር ስላጠረው እንጂ ፈልጎት አይመስለኝም» ይላሉ።  ታድያ ትክክለኛው ጊዜ መቼ ነው? ለአቶ ዮናታን ትክክለኛው ጊዜ አሁን ነው። መከራከሪያው ደግሞ ኢኮኖሚያችን እየደቀቀ ነው የሚል። ፕሮፌሰር አለማየሁ ደግሞ ጉዳዩን በሁለት ከፍለው ያዩታል። «አንደኛው ፖለቲካዊ ነው፤ ማለት አንድ መንግሥት ይህንን ፖሊሲ አስተዋውቆ የሕዝቡን ይሁንታ ካገኘ ሊያስፈፅመው ይችላል። ምክንያቱም እነዚህ የሃገሪቱን ኢኮኖሚ የሚቆጣጠሩ ተቋማት ናቸው» ይላሉ።• የስኳር ፋብሪካዎችን ለግል ባለሃብቶች የመስጠት ፋይዳና ፈተናዎቹ    ስለዚህ ትክክለኛው ጊዜ መንግሥት የሕዝቡን ፖለቲካዊ ውክልና ባገኘበት ጊዜ መሆን እንዳለበት የሚጠቅሱት ፕሮፌሰር አለማየሁ «በኢኮኖሚ መነፅር ስናየው ግን አሁን ባለው ሁኔታ በእኔ ግምት ትክክል አይደለም። ምክንያቱም መንግሥትም አልተረጋጋም፤ ሃገሩም አልተረጋጋም። ግን ደግሞ መንግሥት ብር የለውም። ከጀርባቸው ጠንካራ ኃይሎች ካልሸጣችሁ እይሏቸው ይሆናል። ስለዚህ ያለው አማራጭ ቅድም ያነሳሁት ሃሳብ ነው። የተወሰነውን ፕራይቬታይዝ ማድረግ።»
",https://www.bbc.com/amharic/news-48619211
5,የቬኔዝዌላ ቀውስ፡ ስደተኞች ወደ ፔሩ ድንበር አመሩ,15 ጁን 2019,"



Image copyright
Reuters


አጭር የምስል መግለጫ

                    ቱምቤስ በተሰኘችው የፔሩ ጠረፍ ከተማ በኢሚግሬሽን ቢሮ የተሰለፉ ቬኔዝዌላውያን
                

የፔሩ መንግሥት የስደተኞችን ፍልሰት ለመቆጣጠር በማሰብ ቪዛን የሚጠይቅ ሕግ ይፋ ከማድረጉ በፊት ለመቅደም ያሰቡ በሺህዎች የሚቆጠሩ ቬኔዝዌላውያን ወደ ፔሩ ተመሙ። በትናንትናው ዕለት ከሌሊቱ 6 ሰዓት አንስቶ ቬኔዝዌላውያን ቀኑ ያላለፈበት ፓስፖርትና ቪዛ እንዲኖራቸው ግዴታ ሆኗል። የአዲሱ ሕግ ጭምጭምታ ለዓመታት የቆየውን የቬኔዝዌላውያን ቀውስ ሽሽት ወደ ፔሩ ድንበር ብዙ ቬኔዝዌላውያንን አንቀሳቅሷል።እ.አ.አ ከ2015 ጀምሮ ወደ አራት ሚሊየን ሰዎች ከቬኔዝዌላ መሰደዳቸውን የተባበሩት መንግሥታት ገልጧል። የሃገሪቱ ምጣኔ ወደ ውስጥ ሲፈርስ ከፍተኛ የሥራ እና የምግብ እጥረት ከማስከተሉም ባሻገር መድሃኒትም እንደልብ ለማግኘት አስቸጋሪ ሆኖ ቆይቷል። በመቶ ሺህ የሚቆጠሩ ሰዎችም ሰብዓዊ እርዳታ እየተደረገላቸው ነው። 
ታንዛኒያ በዊግና ሰው ሰራሽ ጸጉር ላይ ከፍተኛ ቀረጥ ጣለች 
የደም ሻጮችና ለጋሾች ሠልፍ
አሜሪካዊቷ አምስት ልጆቿን የገደለው የሞት ፍርድ አይገባውም ብላለች
ባለፈው ቅዳሜ ከወጣው ሕግ በፊት የቬኔዝዌላ ነዋሪዎች ወደ ፔሩ ለመግባት መታወቂያ ብቻ ነበር የሚያስፈልጋቸው። ወደ 6ሺህ ቬኔዝዌላውያን ሐሙስ ዕለት ወደ ቱምቤስ ከተማ ማቅናታቸውን  የተናገሩት የድንበሩ ኃላፊዎች ከሌላው ጊዜ የሰው ፍልሰት በሦስት እጥፍ መጨመሩን አክለው ተናግረዋል። 


Image copyright
Reuters


አጭር የምስል መግለጫ

                    አብዛኞቹ ቬኔዝዌላውያን የሚጠየቁትን ለማሟላት አስቸጋሪ ይሆንባቸዋል
                

ማሪያኒ ሉዛርዶ የተሰኘች ቬኔዝዌላዊት ከሁለት ሴት ልጆቿ ጋር ወደ ፔሩ ድንበር እየሄደች ""ቬኔዝዌላ ውስጥ ፓስፖርት ማውጣት አይቻልም"" ስትል ለአሶስዬትድ ፕሬስ በማለት ""ፔሩ በፍጥነት መግባት አለብን"" ስትል ተናግራለች። የፔሩ ፕሬዚዳንት የሆኑት ማርቲን ቪዝካራ ባለፈው ሐሙስ የጠበቀውን የኢሚግሬሽን ሕግ ተከላክለዋል። ፒውራ በተሰኘች ከተማ በተደረገ ዝግጅት ወቅት ""ሃገራችን እጆቿን ለ800 ሺህ ቬኔዝዌላውያን ዘርግታለች"" ሲሉም ለጋዜጠኞች ተናግረዋል። አክለውም ""ቪዛ በመጠየቅ ወደ ሃገራችን የሚገቡትን መቆጣጠራችን ትርጉም የሚሰጥ ነገር ነው"" ብለዋል። የሰሜን አሜሪካ ሃገራት በብዛት ከቬኔዝዌላ የመጡ ስደተኞችን ተቀብለዋል። ኮሎምብያ ብቻዋን 1.3 ሚሊየን ቬኔዝዌላውያንን አስተናግዳለች። ፔሩ ደግሞ ወደ 768 ሺህ ቬኔዝዌላውያንን ተቀብላለች ሲሉ የተባበሩት መንግሥታት ቁጥሮች ያመላክታሉ። 



ቬኔዝዌላ ምን እየተፈጠረ ነው? በኒኮላስ ማዱሮ አመራር ስር የሃገሪቱ ኢኮኖሚ አሽቆልቁሏል። የመድሃኒትና የምግብ እጥረትም ሃገሪቷን ማጥ ውስጥ ከትቷል። ለዓለም ገበያ ነዳጅ እያቀረበች በሃገሪቷ አንዳንድ ክፍሎች ነዳጅ የማይገኝበት ወቅት አለ። ሹፌሮች ለቀናት በመሰለፍ ነዳጅ የሚያገኙባቸውም ጊዜያቶች በርካታ ናቸው። መብራትም በተደጋጋሚ ይጠፋል። መንግሥት እነዚህን ክስተቶች በአሜሪካ እገዳ ምክንያት የመጣባቸው መሆኑን ያስረዳል። የተቃዋሚ ፓርቲ አመራሮች በበኩላቸው ደግሞ ቬንዝዌላን በተከታታይ ያስተዳደሩትና የሶሻሊስት ርዕዮተ ዓለም የሚከተሉ መንግሥታቶች ገንዘብ በማባከናቸውና በሙስና ምክንያት የመጣ ነው ይላሉ።በታህሳስ ወር አካባቢ የፓርላማ ተወካይ የነበረው ሁዋን ጓይዶ እራሱን ተጠባባቂ ፕሬዚዳንት አድርጎ በመሾሙ የቬንዝዌላ ቀውስ ተባባሰ። ያቀረበውም ምክንያት የማዱሮ ሹመት ""ሕጋዊ አልነበረም"" የሚል ነው።ከዚያን ጊዜ አንስቶም ሁዋን ከ50 በላይ ሃገራትን እውቅና ያገኘ ሲሆን ከእነርሱም መካከል አሜሪካ እና አብዛኛዎቹ የደቡብ አሜሪካ ሃገራት ይገኙበታል። እስካሁን ግን የሃገሪቱ ወታደራዊ ኃይል እና ቻይና እና ሩስያ ለኒኮላስ ማዱሮ ታማኝነታቸውን አልነፈጓቸውም።  
",https://www.bbc.com/amharic/news-48646110
6,አርቲስት እቴነሽ ግርማ፡ “እዚህ ደረጃ የደረስኩት በእርሷ ብርታት ነው”,13 ጁን 2019,"



Image copyright
Youtube/Screenshot

ከአርቲስት እቴነሽ ግርማ ጋር ላለፉት 31 አመታት ትዳር መስርቶ  ይኖሩ እንደነበር ለቢቢሲ የተናገረው ድምጻዊ  ደመረ ለገሰ ባለቤቱ እቴነሽ ግርማ ላለፉት አምስት አመታት  በጡት ካንሰር ስትታመም መቆይቷን ገልጿል።ድምጻዊት እቴነሽ የጡት ካንሰሯ ሁለተኛ ደረጃ ላይ ደርሶ ሕክምና እየተከታተለች እንደነበር ይናገራል። ነገር ግን  ካንሰሩ  በሰውነቷ ተሰራጭቶ ሳንባዋን ማጥቃቱንና ከዚህ ዓለም በሞት መለየቷን ባለቤቷ ደመረ ለቢቢሲ ተናግሯል።አርቲስት እቴነሽ ላለፉት አምስት አመታት ብትታመምም አልጋ ላይ የዋለችው ግን ላለፉት ሶስት ወራት ብቻ ነው። ""ከዚያ በፊት እየሰራችም እየታከመችም ነበር"" ብሏል ባለቤቷ አርቲስት ደመረ። • በዲሞክራቲክ ኮንጎ የተከሰተው የኢቦላ ወረርሽኝ ስርጭት ""እጅግ አስበርጋጊ"" ነው ተባለ• በተበከለ ደም አራት ወንድሞቹ የሞቱበት እንግሊዛዊ • የሜክሲኮ ፕሬዝዳንት ሕገ-ወጥ ስደትን ለመቀነስ አውሮፕላናቸውን ሊሸጡ ነውህመሟ ካንሰር መሆኑ እንደተረጋገጠ ጡቷ እንዲቆረጥ ብትጠየቅም 'ሰውነቴን ቢላዋ አይነካውም' በማለት እምቢ እንዳለች ይናገራል። በበዓላት ወቅት በሚዘፈኑ ዘፈኖች የምትታወቀው ድምጻዊት እቴነሽ ድምጿ ይበልጥ ለአጃቢነት ይፈለግ እንደነበር አርቲስት ደመረ ይናገራል። አርቲስት እቴነሽ በአማርኛና በኦሮምኛ የተሰሩ ሁለት አልበሞች ያሏት ሲሆን ከሌሎች የሙያ አጋሮቿ ጋር ደግሞ አራት የስብስብ (ኮሌክሽን) ስራዎችን ለገበያ አቅርባለች። በግሏም ሶስት ነጠላ ዜማዎችን ሰርታለች።በአሁኑ ወቅትም አዲስ የኦሮምኛ አልበም እየሰራች እንደነበረ የተናገረው አርቲስት ደመረ በየመሃሉ ስትታመም ስለነበረ በተፈለገው ፍጥነት መጨረስ እንዳልቻለች ተናግሯል።""ወደፊት ከሙዚቃው አቀናባሪ ኢብራሂም ጋር ተመካክረን እንደሚሆን እናደርገዋለን"" ብሏል። የተዋወቅነው በልጅነታችን በማረሚያ ቤት ባንድ ውስጥ ነበር የሚለው ድምፃዊ ደመረ ከዚያ በኋላ ትዳር መስርተን ልጆችም አፍርተን አብረን በዚህ ሙያ ውስጥ ላለፉት ሰላሳ አንድ አመታት በደስታ ኖረናል ብሏል።""እቴነሽ ባለቤቴ ብቻ ሳትሆን እናቴ ነች፤ ለዚህ  ደረጃ የደረስኩት በእርሷ ብርታት ነው። ጠንካራ ሴት ነች"" ብሏል።እቴነሽ ግርማ ጥሩ የጥበብ ሙያ ያላት ነበረች፣ እርሷን በማጣታችን ብዙ ነገር ጎድሎብናል ያለው ደግሞ አርቲስት ታደለ ገመቹ ነው። ""እቴነሽ ግርማ በአማርኛና በኦሮምኛ ስራዎችን ከመስራቷ ውጭ ጥሩ የሙያ ስነ ምግባር ያላት አርቲስት ነበረች"" በማለት ምስክርነቱን ሰጥቷል።ባለፈው ማክስኞ ከዚህ አለም በሞት የተለየችው አርቲስት እቴነሽ ግርማ የቀብር ስነ ሥርዓቷም ረቡዕ እለት በአዲስ አበባ ከተማ ለቡ አካባቢ በሚገኘው ገብርኤል ቤተክርስቲያን ተፈጽሟል። በቀብር ሥነ ስርአቷ ላይም በርካታ የኪነጥበብ ባለሙያዎችና ቤተሰቦቿ ተገኝተዋል።  
",https://www.bbc.com/amharic/48619165
7,የካፍ ፕሬዝደንት አሕመድ በፈረንሳይ ፖሊስ ለምን ታገቱ?,15 ጁን 2019,"




የአፍሪቃ እግር ኳስ አስተዳዳሪ ካፍ ፕሬዝደንት የሆኑት አሕመድ አሕመድ ለስብሰባ ወደ ፈረንሳይ በሄዱበት በፖሊስ ቁጥጥር ሥር የዋሉት ባለፈው ሳምንት ነበር። ምንም እንኳ የፈረንሳይ ፖሊስ ፕሬዝደንቱን አይሠሯቸው፤ አይክሰሷቸው እንጂ እንዲሁ በዋዛ አልነበረም በቁጥጥር ሥር የዋሉት። ከዚህ ሽኩቻ ጀርባ አንድ መቀመጫውን ፈረንሳይ ያደረገ ኩባንያ አለ፤ 'ታክቲካል ስቲል' የተሰኘ። ይህ ድርጅት የዘንድሮውን የአፍሪካ ዋንጫ ጨምሮ ለካፍ በርካታ ቁሳቁሶችን በማቅረብ ይታወቃል። • «የኔ ትውልድ ታሪክ እንደሚሠራ እምነት አለኝ» ሎዛ አበራ ነገር ግን ወደዚህ ኩባንያ ድረ-ገፅ ብታቀኑ ምንም ዓይነት የእግር ኳስ ቁሶች አታገኙም። ታድያ እንዴት ሆኖ ነው ድርጅቱ የኳስ ቁስ አቅራቢ ሆኖ የተገኘው?የዛሬ ሁለት ዓመት ገደማ ነበር አሕመድ ወደ የካፍን መንበረ-ሥልጣን አዲስ አበባ ላይ በተደረገ ምርጫ የተቆናጠጡት። ካፍም ከዚህ ድርጅት ጋር ውል የፈረመው በዚሁ ዓመት ነበር። ታድያ የአሕመድ ካፍ ይህን ያደረገው ከታዋቂው የስፖርት ዕቃዎች አምራች ኩባንያ 'ፑማ' ጋር የነበረውን የ248 ሚሊዮን ዶላር ውል በማፍረስ ከታክቲካል ስቲል ጋር  የ1 ቢሊዮን ዶላር ውል ገብተዋል። በነገራችን ላይ ከፑማ ጋር የገቡት ውል 60 በመቶ ቅናሽ ነበረው።ይሄኔ ነው በርካቶች 'ጠርጥር. . .' ማለት የጀመሩት። ካፍን ከራስ ፀጉሩ ጀምሮ የሚያውቁትም ቢሆኑ ውሉ ብዙም ስሜት አልጣቸውም። ምክንያቱም ካፍ በደላላ [በሦስተኛ ወገን] በኩል ውል ፈፅሞ አያውቅምና። ባለፈው ጥር ወር ሞሮኮ ላይ ተካሂዶ የነበረው የቻን ውድድር ጥቅም ላይ የዋሉት አልባሳት እና ኳሶች ተመሳሳይ ናቸው የሚል ዘገባ ወጣ። የቢቢሲ ምርመራ ቡድን ግን ይህን ዘገባ ትክክል አለመሆኑን አረጋገጠ። • ''ብሔርተኝነት'' እያጠላበት ያለው እግር ኳስ አሕመድ ከፑማ ጋር የነበራቸውን ውል አፍረስው ከታክቲካል ሰቲል ጋር አዲስ ውል በመፈፀም ለቻን 2018 ቁሶችን አዘው ይሆን ወይ ሲል ቢቢሲ ስፖርት አፍሪካ ጥያቄ ያቀረበላቸው አሕመድ በሕዝብ ግንኙነት ኃላፊያቸው በኩል ምላሽ ሰጡ። «ወቀሳው ሃሰት ነው። ሆን ተብሎ ስም ለማጥፋት ነው የተከወነው» የሚል ምላሽ ተሰማ። የአሕመድ አፈ-ቀላጤ ይህ የእርሳቸው ብቻ ሥራ አይደለም፤ የካፍ እንጂ ሲሉም ምላሽ ሰጡ። አፈ-ቀላጤው አክለው ከታክቲካል ጋር የነበረው ውል ፀሐይ የሞቀው ነው ቢሉም የካፍ ሥራ አስፈፃሚ ኮሚቴ አባል የሆኑ ሰው ግን ሂደቱ ጤናማ አልነበረም ሲሉ ይወቅሳሉ። 


Image copyright
Tacticalsteel.com

'ታክቲካል ስቲል'መቀመጫውን በደቡባዊ ፈረንሳይ ቱሎ ያደረገው ይህ ድርጅት የጂምናዚየም ዕቃዎችን በማምረት ይታወቃል፤ ከ2016 ጀምሮ ነው ገበያውን የተቀላቀለው። ድርጅቱ ከካፍ ጋር ስላለው ውል የሚጠቁም ምንም ዓይነት መረጃ ድረ-ገፁ ላይ አላሰፈረም፤ አክሎም ምንም ዓይነት እግር ኳስ ነክ ቁስ ገፁ ላይ አይገኝም። ነገር ግን አሕመድ ከተመረጡ ከሰባት ወራት በኋላ በተካሄደው የቻን 2017 ዋንጫ ላይ ቁስ አቅራቢ ሆኖ ተገኘ። • እግር ኳስ ተጫዋቹ ወንድወሰን ዮሐንስ እንዴት ተገደለ? የአሕመድ ቀኝ እጅ የሆኑት ሎይክ ጄሮ [የማዳጋስካር ፓርላማ አባልም ናቸው] አንድ ወዳጅ አሏቸው፤ ሮሙዋልድ ሴሊዬ የተባሉ፤ እኚህ ሰው ታድያ ልጥጥ ናቸው፤ ኧረ እንደውም የታክቲካል ስቲል ባለቤት ናቸው። ስለዚህ ጉዳይ ጥያቄ የተሰነዘረላቸው አሕመድ «ምንም ዓይነት የጥቅም ግጭት የለም» ሲሉ ነው ምላሽ የሰጡት። ቢቢሲ ለጄሮም ሆነ ለሴሊዬ እስቲ ማብራሪያ ቢጤ ስጡን የሚል ደብዳቤ ከላከ ወራት ተቆጥረዋል፤ ምላሽ ግን የለም።  የማጣራት ሂደቱን ያላቋረጠው ቢቢሲ አንድ መረጃ ማግኘት ቻለ። አንድ ሌላ ኩባንያ አለ፤ የታክቲካል ስቲል አጋር ነው። ይህም ድርጅት ለካፍ ቁስ ያቀርባል። ለዚህ አቅርቦቱ ደግሞ ካፍ ዱባይ በሚገኝ ባንክ አማካይነት ክፍያ ፈፅሟል። ነገር ግን ይህ ገንዘብ ፈረንሳይ ወደሚገኘው የታክቲካል ስቲል ባንክ አካውንት ይዛወራል። ይህ በእንዲህ እንዳለ ነው ታድያ የካፍ ፕሬዝደንት አሕመድ ወደ ፈረንሳይ ያቀኑት፤ በሃገሪቱ ፖሊስ ቁጥጥር ሥርም የዋሉት። • ሴት እግር ኳሰኞች እና ቡድኖች ስንት ይከፈላቸው ይሆን? የፈረንሳይ ፖሊስ ሰውዬውን የያዝናቸው «በሙስና እና መሰል ጉዳዮች ስለምንፈልጋቸው ነው» የሚል መግለጫ አወጣ። ፖሊስ ሰውዬውን ከመረመረ በኋላ ለቀቃቸው፤ ክስም እሥርም አልነበረም።የቀድሞው የማዳጋስካር ዓሳ ሚኒስትር እና የሃገሪቱ እግር ኳስ ፌዴሬሽን ኃላፊ፤ የወቅቱ የአፍሪካ እግር ኳስ አስተዳዳሪ አሕመድ አሁን ወደ ማዳጋስካር እንደተመለሱ ተነግሯል። ለቢቢሲ ጥያቄዎች ምላሽ የሰጠው የአሕመድ ሕዝብ ግንኙነት ቡድን «አሕመድ ታክቲካል ስቲልን የመረጡት አማራጭ ባለመኖሩ እንጅ . . » ሲሉ መለሱ። አክለውም ቱሎ ለሞሮኮ ቅርብ በመሆኗ ከኩባንያው የሚመጡ ዕቃዎች በቀላሉ እንዲገቡ ያግዛል ሲሉ ይተንትናሉ። ካፍ የፃፈውና ቢቢሲ ያገኘው አንድ ኢሜይል ፑማ የካፍ ብቸኛ የስፖርት አቅራቢ እንደሆነ የሚያሳይ ነው፤ ምንም እንኳ ውሉ ቢፈርስም። ቢቢሲ ያገኛቸው ሦስት ወሳኝ የኢሜይል ልውውጦች ፕሬዝደንቱ ራሳቸው የፑማ ውል ተሰርዞ የታክቲካል ስቲል ውል እንዲፀድቅ እንዳዘዙ የሚጠቁሙ ናቸው።• ትኩረት እየሳበ የመጣው የሴቶች እግር ኳስ የዓለም ዋንጫ አሕመድ ግን ተጠያቂው ዋና ፀሐፊ ግብፃዊው ፋህሚ ናቸው ይላሉ፤ የቻን ቁስ አቅራቢዎችን ጉዳይ በጊዜ አላስፈፀሙም በማለት። ፋህሚን ቢቢሲ ለማግኘት ያደረገው ሙከራ የተሳካ አልሆነም። ባለፈው ዓመት ጥር ገደማ ካፍ በእጅ የተሰፉና የካፍ ሎጎ ያለባቸውን 60 ሺስ ኳሶች ከታክቲካል ስቲል አዟል። ለ54ቱ የፌዴሬሽኑ አባላት እንዲከፋፈሉ በማሰብ። ይህ ስምምነት 1.7 ቢሊዮን ዶላር ነው፤ ለአንድ ኳስ 30 ዶላር [870 ብር ገደማ] ማለት ነው። የትራንስፖርት ወጭው ደግሞ 738 ሺህ ዶላር። ፊፋ፤ ካፍና ታክቲካል ስቲል ያላቸውን ግንኙነት ለማጣራት ምርመራ መጀመሩን ሰምተናል። አሕመድ ግን ወጥረት ላይ ያሉ ይመስላሉ። በሚቀጥለው ሳምንት ደግሞ ትልቁን የአህጉሪቱን ዋንጫ ሊያዘጋጁ ዱብ ዱብ እያሉ ነው። 
",https://www.bbc.com/amharic/news-48619210
8,ለጎንደር ጥልቅ ፍቅር ያለው ኬንያዊ ቤተ መንግሥት ሊገባ ሲል ተያዘ,12 ጁን 2019,"



Image copyright
Twitter and Citizen 

ጎንደር በመሄድ የማገልገል ጥልቅ ፍላጎት አለኝ የሚለው ኬንያዊ ቢላ ይዞ ወደ ፕሬዚዳንቱ ቤተ መንግሥት ጥሶ ለመግባት ሲሞከር በጠባቂዎቹ ተተኩሶበት ቆስሎ ተይዟል።   በፌስቡክ ገጹ ላይ በኬንያ መሪዎች ስር ከመተዳደር ጎንደር ውስጥ የቤት ውስጥ አገልጋይ ሆኖ መኖርን እንደሚመርጥ የሚናገረው ብሪያን ኪቤት ቤራ ሰኞ እለት ነበር ቤተ መንግሥቱ ውስጥ ለመግባት የሞከረው። በጆሞ ኬንያታ የግብርናና የቴክኖሎጂ ዩኒቨርስቲ ውስጥ የአምስተኛ ዓመት የሜካኒካል ኢንጂነሪንግ ተማሪ የሆነው ብራያን፤ ቤተ መንግሥት ሊገባ ሲል ግራ ትከሻው ላይ በጥይት ከቆሰለ በኋላ ሆስፒታል ገብቷል። •እምቦጭ የጣና ቂርቆስ መነኮሳትን ከገዳሙ እያስለቀቀ ነው•""ማንም ቢሆን ኢትዮጵያን ለብቻዬ ሰራኋት ሊል አይቻለውም"" ጠ/ሚ ዐብይፖሊስ እንዳለው የ25 ዓመቱ ብሪያን ኪቤት ወደ ቤተ መንግሥቱ ለመግባት ሲሞክር የተመለከተው የጥበቃ መኮንን ግለሰቡ የአእምሮ ህመምተኛ ሊሆን ይችላል በሚል ለሞት በማያበቃው ቦታ ላይ በጥይት እንደመታው ገልጿል። ብሪያን በተደጋጋሚ በፌስቡክ ገጹ ላይ ወደ ብሔራዊ ቤተ መንግሥቱ በመሄድ ""ሌባ"" የሚላቸውን ፕሬዝዳንት ኡሁሩ ኬንያታን እንደሚገድል ይጽፍ ነበር። ሰሞኑንም ይህንን ዛቻውን ለመፈጸም ሙከራ አድረጓል።የ25 ዓመቱ የዩኒቨርሲቲ ተማሪ በተደጋጋሚ መንግሥትን የሚጻረሩ በተለይ ደግሞ ፕሬዝዳንቱን በማጥላላት የተሞሉ ሃተታዎችን በፌስ ቡክ ገጹ ላይ ያሰፍር ነበር። አቋሙን ለመደገፍም የመጽሃፍ ቅዱስ ጥቅሶችን ያጣቅስ እንደነበር የተለያዩ የኬንያ ጋዜጦች ዘግበዋል። የተለያዩ የታሪክ መጽሃፍትን እንዳነበበ የሚገመተው ብሪያን ወደ ኢትዮጵያ በመሄድ ጎንደር ውስጥ መኖር እንደሚፈልግ ጠንከር ባለ ሁኔታ በተደጋጋሚ ሲጽፍ እንደነበረም ተነግሯል። በአንድ ጽሁፉ ላይም ""ይህ መልዕክት መሬቴንና ርስቴን ለዘረፉኝ ለፕሬዝዳንት ኡሁሩ ኬንያታና ለህዝባቸው እንዲደርስ ይሁን። ኬንያ ውስጥ መሪ ከምሆን ኢትዮጵያ ውስጥ አገልጋይ ብሆን ይሻለኛል"" ሲል አስፍሯል። •ኢትዮ ቴሌኮም... ወዴት? ወዴት?ወደ ጎንደር የመሄድ ፍላጎቱን በተደጋጋሚ የሚጠቅሰው ተማሪው ""ከጠላቶቼ ጋርም ጦርነት አውጃለሁ። ምክንያቴ ደግሞ ወደ ጎንደር የምሄድበትን ገንዘብ ለማግኘት ነው"" ብሏል።""ሞኝ (ጨቋኝ) መሪ ከመሆን የብልሆች ባሪያ መሆንን እመርጣለሁ"" የሚለው ብሪያን ጎንደር በመሄድ ብልህ ለሆኑት ህዝቦች አገልጋይ መሆን እንደሚፈልግ ጠቅሶ ለጉዞው የሚያስፈልገውን ገንዘብ አለማግኘቱ እንዳዘገየው አስፍሯል። ስለጎንደርና ኢትዮጵያ በተደጋጋሚ በማህበራዊ ገጹ ላይ እንደሚጽፍ የተነገረው ይህ ወጣት በእያንዳንዱ ጽሁፉ ማብቂያ ላይ ""ከኢትዮጵያዊው ልዑል፤ ቀድሞ ብሪያን ኪቤት ቤራ ተብሎ ይጠራ የነበረው"" ሲል ያሰፍራል። ብራያን ወደ ቤተመንግሥቱ ለመግባት ካደረገው ሙከራ ቀደም ብለው ጽሁፎቹ በመመልከት በርካቶች የተለያዩ ሃሳቦች በመሰንዘር ድርጊቱን የተቃወሙ ሲሆን አንዳንዶች ደግሞ የአእምሮ ጤንነቱን ተጠራጥረዋል። 
",https://www.bbc.com/amharic/news-48607488
9,ኤርትራ በካቶሊክ ቤተ ክርስቲያን ስር ያሉ የጤና ተቋማትን ወሰደች,14 ጁን 2019,"



Image copyright
Getty Images

ከኤርትራ የሚወጡ መረጃዎች እንደሚጠቁሙት በካቶሊክ ቤተክርስቲያን ስር የሚገኙ የህክምና መስጫ ማዕከላት ለመንግሥት ተላልፈው እንዲሰጡ ተወስኗል።      በያዝነው ሳምንት የህክምና ማዕከላቱ አስተዳዳሪዎች ለመንግሥት አሳልፈው መስጠታቸውን የሚያረጋግጥ ሰነድ እንዲፈርሙ መጠየቃቸውን የቢቢሲ ትግርኛ ክፍል ከኤርትራ ያገኘው መረጃ ያሳያል።• በኢትዮ-ኤርትራ ድንበር ንግድ ተጧጡፏልነገር ግን አብዛኛዎቹ የማዕከላቱ አስተዳዳሪዎች ሰነዱ ላይ ለመፈረም አለመስማማታቸውንና ከቤተክርስቲያኒቱ ሃላፊዎች ጋር እንዲነጋገሩ መጠየቃቸው ታውቋል።ይህን ተከትሎም ወታደሮች ሰራተኞቹን በማስወጣት ማዕከላቱን መዝጋታቸው ተገልጿል።እስካሁን ድረስ የኤርትራ መንግሥት ድርጊቱን ስለመፈጸሙ የተረጋገጠ ነገር ባይኖርም ባለፈው ሚያዝያ ወር ላይ የኤርትራ ካቶሊክ የሃይማኖት አባቶች ለሁሉም ሰው ፍትህን ለማረጋገጥ በማለት ሃገራዊ የእርቅ ሂደት እንዲጀመር ጠይቀው ነበር።• መስመር ያልያዘው የኢትዮ-ኤርትራ የንግድ ግንኙነት ወዴት ያመራል?ከኢትዮጵያ ጋር የተደረሰውን የሰላም ስምምነት ተከትሎ የሃይማኖት አባቶቹ በጻፉት ባለ 30 ገጽ ደብዳቤ ሃገሪቱ አንድ መሆን እንዳለባትና እርቅ እንደሚያስፈልግ ገልጸው ነበር።  መንግሥት ማሻሻያዎችን እንዲያደርግና ህዝቡ ሃገሩን ለቅቆ የመሄድ ፍላጎት እንዳይኖረው እንዲሰራም ጠይቀው ነበር።
",https://www.bbc.com/amharic/news-48633581
10,አሜሪካዊቷ እናት አምስት ልጆቿን የገደለው ሰው የሞት ፍርድ አይገባውም ትላለች,12 ጁን 2019,"



Image copyright
CBS

አሜሪካዊቷ እናት አምስት ልጆቿን ያለርህራሄ የገደለው ግለሰብ የሞት ፍርድ አይገባውም ስትል ምስክርነቷን ሰጥታለች።አምበር ኪዘር የአምስት ልጆች እናት ነበረች፤ ነገር ግን ጨካኝነቱ ጥግ ባጣ አባታቸው ተገድለዋል። እናታቸውን ግን ግለሰቡ ሞት አይገባውም ባይ ነች። ለምስክርነት የተጠራችው እናት «አባታቸው ለልጆቼ ቅንጣት ታክል ርህራሄ ባያሳይም፤ ልጆቼ ግን ከልባቸው ይወዱት ነበር» ስትል ሳግ እየተናነቃት ተናግራለች።• ደቡብ ኮሪያዊው ፓስተር በአስገድዶ መድፈር ወንጀል ታሰሩግለሰቡ ዕድሜያቸው ከአንድ እስከ ስምንት የሆኑትን ሕፃናት የገደለው 2014 ወርሃ ነሃሴ ላይ ነበር። ግለሰቡን ወንጀለኛ ሆኖ ያገኘው ፍርድ ቤት የሞት ፍርድ ወይስ እሥር የሚለው ላይ እየመከረ ነው። ጥንዶቹ ለዘጠኝ ዓመታት ያክል በትዳር ከቆዩ በኋላ ነበር የተፋቱት፤ ምክንያቱ ደግሞ ሰውዬው ወ/ሮ አምበርን መበደል በመጀመሩ ነው። ግለሰቡ ከወ/ሮ አምበር የተሻለ ገቢ ስለነበረው የአሳዳጊነት ድርሻውን ወስዶ አምስቱን ልጆች ያሳድጋቸው ያዘ። እናት ደግሞ ዘወትር እሁድ እንድትጎበኛቸው ሆነ። • የቀድሞው ፕሬዝደንት ልጅ በጉልበት ብዝበዛ ወንጀል ተፈረደባቸው «ልጆቼ በምንም ዓይነት ስቃይ እንዳለፉ ሰምቻለሁ። እንደ አንድ እናት የፊቱን ቆዳ ብገፈው አልጠላም። ውስጤ የሚመኘው ያንን ነው።»እናት፤ እኔ ድሮም ቢሆን ማንም ሰው የሞት ፍርድ አይገባውም የሚል እምነት አለኝ ስትል ለፍርድ ቤቱ አስረድታለች። የስድስት ዓመት ልጃቸው በኤሌክትሪክ ገመድ ሲጫወት ያገኘው አባት መጀመሪያው የስድስት ዓመቱን ልጅ ለጥቆም የተቀሩትን ሕፃናት አንቆ ገድሏል ሲል ፍርድ ቤቱ ብይን ሰጥቷል። ግለሰቡ የአእምሮ ጤና በሽተኛ ነኝና ወንጀለኛ ልባል አይገባም ሲል ተከራክሯል። ጠበቃዎቹም 'ስኪትዞፍሬኒያ' የተሰኘው የአእምሮ በሽታ ተጋላጭ በመሆኑ ነፃ ሊሆን ይገባል እያሉ ነው። • ነብሰ ጡር ጓደኛቸውን ያስገደሉት ባለሥልጣን 
",https://www.bbc.com/amharic/48605324
