ደረጃ,ርዕስ,ቀን,ዜና,ድረ-ገጽ
1,እነ አቶ በረከት በማረሚያ ቤቱ ኢንተርኔት የለም ሲሉ ለፍርድ ቤት ተናገሩ,8 ፌብሩወሪ 2019,"



Image copyright
Getty Images

በጥረት ኮርፖሬት የሃብት ብክነት የተጠረጠሩት አቶ በረከት ስምኦንና አቶ ታደሰ ካሣ ዛሬ በባህር ዳርና አካባቢዋ ፍርድ ቤት ቀርበዋል።የአማራ ክልል ፀረ ሙስና ኮሚሽን መርማሪ ባለፈው በተሰጠው የጊዜ ቀጠሮ ማስረጃዎችን ማየቱንና የምስክሮችን ቃል መቀበሉን አሳውቋል።ሆኖም ጉዳዩ ከባድ፣ ውስብስብና ድንበር ተሻጋሪ ከመሆኑም በላይ ምስክሮች እና ሰነዶች በሃገር ውስጥ እና ከሃገር ውጪ መገኘታቸውን አስታውሶ ምርመራውን አለማጠናቀቁን አስታውቋል። • በረከት ስምኦን ከየት ተነስተው እዚህ ደረሱ ከዚህ ተጨማሪ የ14 ቀን የጊዜ ቀጠሮ እንዲሰጠው ጠይቋል። የሕግ ሥልጣን በሌለው አካል መከሰሰሳቸውን የጠቀሱት አቶ በረከት ሰምኦን ተጨማሪ የጊዜ ቀጠሮው ውድቅ አንዲሆን ጠይቀው ነበር።የዳሽን ቢራ ሁሉም ሰነዶች ተሟልተው እንደሚገኙ የተናገሩት አቶ ታደሰ ካሣ በበኩላቸው መነግሥት አስረን አናጣራም፤ አጣርተን ነው የምናስረው ማለቱን ጠቅሰው የተጠየቀው የጊዜ ቀጠሮ አነሱን በእስር ለማቆየት ብቻ መሆኑን በመጠቆም ውድቅ አንዲሆን ጠይቀዋል። የግራ ቀኙን የተመለከተው ፍርድ ቤቱ የጉዳዩን ውስብስብነትና መረጃዎች በሃገር ውስጥም ሆነ በውጭ መገኘታቸውን ከግምት በማስገባት የ14 ቀን ጊዜ ቀጠሮውን ፈቅዷል።• አቶ በረከት ስምኦን እና አቶ ታደሰ ካሳ ወደ ባህር ዳር ተወሰዱ • አቶ በረከት ስምኦን ከብአዴን ማእከላዊ ኮሚቴ አባልነት ታገዱአቶ በረከት ስንገባም ስንወጣም አየተሰደብንና ስማችን እየጎደፈ ነው ብለዋል። ጠበቃ ማግኘት ባለመቻላቸው ፍርድ ቤቱ እንዲያቆምላቸውና ከቤተሰባቸው ጋር የመገናኘት ዕድል እንዲመቻችላቸው ጠይቀዋል።በተጨማሪም ተከሳሾቹ በማረሚያ ቤት ለመፃፍ የሚያስችላቸው ኮምፒዩተር እንዲገባላቸው ጠይቀዋል። አቶ በረከት በማረሚያ ቤት ውስጥ ኢንተርኔት የለም ሲሉም ተደምጠዋል።  የሚደርስባቸውን ዘለፋ በተመለከተ ፍርድ ቤቱ ከፀጥታ አካላት ጋር በመሆን የሚደርስባቸውን ዘለፋ ለማስቆም እንደሚሰራ አስታውቋል። 
",https://www.bbc.com/amharic/news-47177340
2,የጌታቸው ረዳ ዕይታ፤ ስለጠቅላይ ሚኒስትር ዐብይ,7 ፌብሩወሪ 2019,"



Image copyright
Anadolu Agency


አጭር የምስል መግለጫ

                    አቶ ጌታቸው ረዳ
                

በወቅታዊ የኢትዮጵያ ፖለቲካዊ ጉዳዮች እና በህውሃት ተሳትፎ ዙሪያ የቢቢሲው ጋዜጠኛ አለን ካሱጃ መቀሌ ተጉዞ አቶ ጌታቸው ረዳን አነጋግሯል። አቶ ጌታቸው ረዳ ከአለን ጋር በነበራቸው ቆይታ በህውሃት እና በጠቅላይ ሚንስትር ዐብይ መካከል ስላለው ግንኙነት እንዲሁም ጠቅላይ ሚንስትሩ ዙሪያ የአቶ ጌታቸው የግል አመለካከት ምን እንደሆነ ጠይቋል። • ""በረከትና ታደሰ በሙስና መጠርጠራቸው አስደንቆኛል"" አቶ ጌታቸው ረዳአለን ስለ ስለ ጠቅላይ ሚንስትር ዐብይ ምን ያስባሉ ሲል ነበር ለአቶ ጌታቸው የመጀመሪያውን ጥያቄ የሰነዘረው።አቶ ጌታቸው፡ ዐብይ ተነሳሽነቱን እና ውሳኔ ላይ ለመድረስ ያለውን ድፍረት አደንቃለሁ።አለን፡ ወደ ኢትዮጵያ ከመጣሁ ወዲህ ከሰማኋቸው ነገሮች መካከል ጠቅላይ ሚንስትር ዐብይ ከኤርትራው ፕሬዚዳንት ጋር እርቅ ያወረዱት የህውሃት ሰዎች [እናንተ] ችግር እንዳትሆኑበት በማሰብ ነው የሚሉ አሉ . . .አቶ ጌታቸው፡ እኛ ችግር ሆነንበት አናውቅምአለን፡ እውነቱን ንገረኛአቶ ጌታቸው፡ እውነቱን እየተናገርኩ ነው። አለን፡ የህውሃት መስራቾች ሁሌም ችግር ሆነውበታል [ጠ/ሚ ዐብይ ላይ]።አቶ ጌታቸው፡ አንዳንድ አካላት ሊኖሩ ይችላሉ። ቅር ስለተሰኙ የህውሃት፣ ኦዲፒ ወይም አዴፓ አካላት ሁሉ መናገር ባልችልም። እኔ ግን ከዐብይ ጋር ችግር የለብኝም። አንተ እንዳልከው ግን ዐብይ ከኢሳያስ ጋር ህውሃትን ከጨዋታ ውጪ ለማድረግ ቢያሴርብን፤ ከወሰናቸው ውሳኔዎች መካከል ትክክል አይሆንም ምክንያቱም አይሳካለትም። አለን፡ በትክክል አድርጓል እያልኩ አይደለም። ምናልባት ሰዎች የሚሉትን አንተም ሰምተኽዋል ብዬ አስባለሁ።አቶ ጌታቸው፡ ዐብይ ይህን አይነት እርምጃ ይወስዳል ብዬ አላስብም። አለን፡ ይህን ያልከው በጣም በተቆጣ ፊት ነው። አቶ ጌታቸው፡ አዎ በትክክል። ዐብይ በአጋር ፓርቲው ላይ እንዲያሴር ምንም አይነት ምክንያት አይታየኝም። • 'ለሼህ አላሙዲ መፈታት የጠቅላይ ሚንስትሩ አስተዋጽኦ ከፍተኛ ነበር'አለን፡ እንደዚያ ቢያደርግ ትታገላለህ?አቶ ጌታቸው፡ ማድረግ ካለብኝ አዎ። አለን፡ ጠቅላይ ሚንስትር ዐብይ ለየትኛዎቹ ጉዳዮች ምላሽ መስጠት አለበት ብለህ ታስባለህ?አቶ ጌታቸው፡ ዐብይ የሃገሪቱ ጠቅላይ ሚንስትር መሆን ይኖርበታል። አለን፡ እየሆነ አይደለም?አቶ ጌታቸው፡ እኔ ከምጠብቀው በታቸው ቢሆንም ለመሆን እየሞከረ ነው። አለን፡ ምን እያደረገ አይደለም? አቶ ጌታቸው፡ የህዝቡን ፍላጎት መመልከት ይኖርበታል። የትግራይ ህዝብን ብቻ ሳይሆን የኦሮሞ ህዝብንም ጭምር። አለን፡ ለምሳሌ የትኛውን? አቶ ጌታቸው፡ ዐብይ ወደ ስልጣን የመጣው ወጣቱ ሥራ አጥነት ስላማረረው ነው። ኢትዮጵያ በፈጣን የኢኮኖሚ እድገት ላይ የነበረች ቢሆንም በርካቶች ሥራ አጥ ነበሩ። አሁንም ቢሆን የዐብይ ትልቁ ኃላፊነት ለወጣቱ ምላሽ መስጠት ነው። በቃል ብቻ ተስፋ መስጠት ለችግሩ መፍትሄ ሊሆን አይችልም። አለን፡ ከዚህ ቀደም ከነበሩት መንግሥታት ይልቅ አሁን በኢትዮጵያ የተሻለ ነጻነት አለ ብለህ ታስባለህ?አቶ ጌታቸው፡ አዎ አለ። አሁን ላይ በርካቶች አደባባይ እየወጡ ድምጻቸውን ያስማሉ። ይህ ከአንድ ዓመት ተኩል በፊት የሚቻል አልነበረም። ዋናው ነገር ግን በሁላችንም መካከል የሞራል ልዕልና ተፈጥሮ ሁሉም ለበለጸገች እና ለተረጋጋች ኢትዮጵያ ልንሰራ ይገባል። አለን፡ ከአናተ ጋር በነበረኝ ቆይታ የተረዳሁት ዐብይ ብዙ የተባለለት ሰው አድርገኽዋል?አቶ ጌታቸው፡ ስለ እሱ ብዙ ነገር ልልህ እችላለሁ። ዐብይ እራሱ የሚያውቀው ይመስለኛል። ዓለም አቀፉ ማህብረሰብ በተለይም ደግሞ ዓለም አቀፍ መገናኛ ብዙሃን እጅግ አሳሳች ተቋሞች ናቸው። እጅጉን ጎበዝ የሆንክ መሪ አድረገው ይነግሩሃል። ጥሩ መሪ መሆንህን ማወቅ ያለብህ ግን ከህዝብ ጋር - ከወጣቱ ጋር - ጥሩ ግንኙነት ሲኖርህ ነው። እነሱ ናቸው ችግር ሊያስከትሉብህ የሚችሉት። አልጀዚራ፣ ቢቢሲ ወይም ሲኤንኤን ምንም ያክል ቢያወድሱህ ለዜጎች የሥራ እድል ትፈጥራለህ ማለት አይደለም። ዐብይ ለወጣቱ ሥራ መስጠት ላይ ትኩረት እንዲያደርግ እፈልጋለሁ። አልን፡ ዐብይ አህመድ ምን አይነት ሰው ነው?አቶ ጌታቸው፡ ብዙ ለማሳካት የሚጥር ሰው ነው። የህዝቡን ዋነኛ ችግሮች ለመቅረፍ ትኩረት ከማድረግ ይልቅ ሁሉን ለማሳካት ጥረት ሲያደርግ ያለውን ሁሉ ሊያጣ ይችላል የሚል ስጋት አለኝ። በዐብይ ህልም እና ተነሳሽነት ችግራችንን በአንድ ላይ ልናልፍ እንደምንችል ይሰማኛል። ይሁን እንጂ እንደምናስበው ሁሌም መልካም ሃሳቦች ወደ ፈቀድነው ላያመሩን ይችላሉ፤ እንደሚባለው የቁልቁለት ጉዞ ምንም ጊዜም የሚጀመረው በበጎ ሃሳብ ነው።  
",https://www.bbc.com/amharic/news-47161690
3,ከተማ ይፍሩ፡ ያልተነገረላቸው የአፍሪካ አንድነት ባለ ራዕይ,8 ፌብሩወሪ 2019,"



Image copyright
Ketema Yifru's Family 

በፊውዳሉ ስርዓት ሹመት በደም ትስስር፤ በዘርና አጥንት ተቆጥሮ በሚሰጥበት ወቅት ስሟ ብዙ ከማትታወቀው የሐረርጌ ግዛቷ ጋራ ሙለታ ከደሃ ገበሬዎች ቤተሰብ የተገኘውና በ30ዎቹ ዕድሜ የነበረው ወጣት ከተማ ይፍሩ የአገሪቷ የውጭ ጉዳይ ግንኙት አድራጊ፣ ፈጣሪ እንዲሁም የአፄ ኃይለሥላሴ ዋና ልዩ አማካሪ (ቺፍ ኦፍ ስታፍ) ይሆናል ብሎ ያለመ አልነበረም። ነገር ግን የማይታሰበው እውን ሆኖ ከተማ ከዚህም አልፎ የአፍሪካ አንድነት ድርጅት ምስረታ ላይ አሻራውን መጣል ችሏል።የታሪክ መዛግብትም ሆነ በቅርብ የሚያውቋቸው ተራማጅ ብለው የሚጠሯቸው ከተማ ኢትዮጵያ ቅኝ ባለመገዛቷ ከአህጉሩ የተለየችና ኢትዮጵያውያንም ልዩ ነን የሚል እሳቤ በአብዛኛው ዘንድ ቢንሸራሸርም ለሳቸው ግን የኢትዮጵያ እጣ ፈንታ ከሌሎች አፍሪካውያን የተለየ አይደለም ፤ መተባበር ካለባትም ከአፍሪካውያን ጋር ነው የሚል ቁርጠኛ አቋም ነበራቸው። •መንግሥቱ እና የኮሎኔል አጥናፉ ኑዛዜ ገና በሁለተኛ ደረጃ ትምህርት ቤት እያሉ ሊግ ኦፍ ኔሽን ኢትዮጵያን አንቅሮ የተፋበት ሁኔታ ቁጭት እንደፈጠረባቸው በአሁኑ ሰዓት የህይወት ታሪካቸውን እየፃፈ ያለው ልጃቸው መኮንን ከተማ ይናገራል። የጥቁር ህዝቦች ነፃነት ተምሳሌት የሆነችው ኢትዮጵያ በጣልያን ስትወረር አባል የሆነችበት የሊግ ኦፍ ኔሽን ይተባበረኛል የሚል እምነት ነበራት ። ነገር ግን ያልተጠበቀው ሆኖ አፄ ኃይለሥላሴ ንግግር በሚያደርጉበት ወቅት በመዘባበት፣ በጩኸትና በፉጨት ንግግራቸው ተቋረጠ።• የቀድሞዋ ሶቭየት ህብረት ትውስታዎች በኢትዮጵያውያን ዓይንይህም ሁኔታ ታዳጊው ከተማን ከማስከፋት አልፎ ለተጨቆኑ ህዝቦች እንዲቆም ፤ ለፍትህና ለእኩልነት እንዲታገል መሰረት እንደሆነው የቅርብ ጓደኞቻቸው ምስክር ናቸው።  በአንድ ወቅት የቀድሞው የጣልያንና ጂቡቲ አምባሳደር ዶ/ር ፍትጉ ታደሰ ስለ ከተማ ተጠይቀው ሲመልሱ በቅኝ ግዛት ስር የነበሩ የአፍሪካውያን ሁኔታ ስለሚያሳስባቸውም ""እኛ ነፃነት አግኝተን፤ እነርሱ በባርነት ቀንበር እንዴት ይሰቃያሉ"" የሚል አስተሳሰብ ነበራቸው ብለዋል። ለዚያም ነበር ኢትዮጵያ ከጣልያን ጋር በነበራት ትግል የረዳቻት እንግሊዝን እንኳ ለመተቸት ቅንጣት  ወደ ኋላ ያላሉት። እንግሊዝ በአፓርታይድ  ጭቆና ስር ለነበረችው ደቡብ አፍሪካ የጦር መሳሪያ መሸጧንም በከፍተኛ ሁኔታ ተችተዋል። 


Image copyright
Ketema Yifru's family 


አጭር የምስል መግለጫ

                    ማንዴላ በቁጥጥር ስር በዋሉበት ወቅት ከኪሳቸው የከተማ ፎቶ ተገኝቶ ነበር
                

ከመተቸት ባለፈም ነፃ ያልወጡ የአፍሪካ ሀገራት ነፃ እንዲወጡ ከፍተኛ ርብርብና ለነፃ አውጭዎቿም ድጋፍ አድርገዋል። ከዚህም ውስጥ የሚጠቀሰው ለማንዴላ በኢትዮጵያ ፓስፖርት እንዲዘዋወሩ ማድረጋቸው ነው። ማንዴላ በአፓርታይድ መንግሥት በቁጥጥር ስር ሲውሉ የከተማ ፎቶ በኪሳቸው ውስጥ እንደተገኘ የከተማ ልጅ መኮንን ይናገራል።ፎቶው ላይ ለነፃነት ታጋዩ የሚል ፅሁፍ የነበረበት ሲሆን ፎቶው በማንዴላ እስር ወቅት እንደ ማስረጃ ሰነድ ቀርቦ እንደነበር በደቡብ አፍሪካ ጆሀንስበርግ ቪትዝ ዩኒቨርስቲ ሙዝየም ማስረጃ ተቀምጧል።•""ሌቱም አይነጋልኝ"" የተባለላት የውቤ በረሃ ትዝታዎችከተማና የአፍሪካ አንድነት ድርጅት ምስረታ 1950ዎቹ ለአፍሪካውያን የተለየ ተስፋ ይዞ የመጣ ጊዜ ነበር። የነበሩበት የቅኝ ግዛት፣ ጭቆና፣ ባርነትን በመሰባበር ነፃነት የተፈነጠቀበት ጊዜ ነበር። በዛን ጊዜም በተባበሩት መንግሥታት ድርጅት ከዚህ ቀደም ተሰምቶ በማይታወቅ ሁኔታ ወጣቱ ፓን አፍሪካኒስት ከተማ የአፍሪካ አህጉራዊ ድርጅት መፈጠር አለበት የሚል ንግግር ተናገሩ። ነፃ በወጡት አፍሪካ ሀገራት መካከል የአህጉሯ ህብረት ቢፈለግም ድርጅትን ሳይሆን ሀገራቱ ተዋህደው አፍሪካ አንድ ልትሆን ይገባል የሚል እሳቤዎች የጎሉበት ጊዜ ነበር። በአንድ ወገን ዋናና ቅድሚያ ሊሰጠው የሚገባው ሀገራቱ በፍጥነት ተዋህደው አፍሪካ አንድ ልትሆን ይገባል የሚለው የካዛብላንካ ቡድን፤እንዲሁም አንድ ከመሆን በፊት ሌሎች ትብብሮች ሊቀድሙ ይገባል የሚለው የሞኖሮቪያ ቡድኖች ነበሩ። ኢትዮጵያም በወቅቱ የሞኖሮቪያን ቡድን ተቀላቅላ ነበር። የውጭ ጉዳይ ሚኒስትሩ ከተማ ኢትዮጵያ ሁለቱን አንጃዎች የማስማማት ስራ መስራት እንዳለባት ለንጉሱ አጥብቆ ተናገሩ።ምንም እንኳን በወቅቱ ወግ አጥባቂ የነበሩት ሹማምንቱና መኳንንቱ ""እንምከርበት"" የሚል ኃሳብ ቢያነሱም አፄ ኃይለሥላሴ ግን ""ታምንበታለህ"" የሚል ጥያቄ ብቻ እንዳቀረቡላቸውና ሂደቱን ብቻ እንዲያሳውቃቸው እንደነገራቸው መኮንን ይናገራል። ሁለቱም ቡድኖች ስብሰባቸው ላይ እንዲገኙ ጥሪ ሲያቀርቡ ለኢትዮጵያ መልካም አጋጣሚ እንደሆነ በማሰብ አጀንዳቸውን ይዘው ሄዱ። የሚኒስትሩ ዋነኛ አጀንዳ የነበረው ከ20 በላይ አባላት የነበሩትን የሞኖሮቪያን ቡድንና ስድስት ብቻ አባላት የነበሩትን የካዛብላንካን አንጃ አሳምኖ አዲስ አበባ ጉባኤ ማካሄድ ነበር።


Image copyright
Ketema Yifru's family 


አጭር የምስል መግለጫ

                    ከተማ ይፍሩ ትምህርት የጀመሩት ኬንያ ነበር
                

ኢትዮጵያ ሁለቱን ቡድኖች አንድ ላይ ለማምጣት የመሪነት ቦታውን በመያዝ የሞኖሮቪያን ቡድን ስብሰባ ለመሳተፍ አቶ ከተማ ወደ ሌጎስ አመሩ።አመራሮቹን አዲስ አበባ በሚካሄደው ጉባኤ እንዲመጡ ፤ በኋላም ንጉሱንም አሳምነው ለመሪዎቹ ምስጋና እንዲያቀርቡ ያደረጉ ሲሆን ንጉሱም "" እኛ ከሞኖሮቪያም ሆነ ከካዛብላንካ አይደለንም። ከአፍሪካ ጋር ነን የሚል"" ታሪካዊ ንግግራቸውን አደረጉ።በተለይም በወቅቱ የሀሳቡ አመንጪና ከረር ያለ አቋም የነበራቸውን የ ጋናውን መሪ የነንክሩማህን ቡድን ማምጣት ቀላል እንዳልነበር ከተማ ይናገሩ እንደነበር መኮንን ይገልፃል ።በተለይም ጉዳዩን አወዛጋቢ ያደረገው በወቅቱ የሞኖሮቪያ አባል የነበሩት የቶጎው መሪ መገደል ያኛውን ቡድን መወንጀልና ሁኔታዎችም መካረር ጀመረ። ነገሮችንም ለማለሳለስ ብዙ ጥረት ተደረገ።ከዚህም ውስጥ ሌላኛውን የካዛብላንካ ቡድን አባል የነበሩትንም የጊኒውን መሪ ፕሬዚዳንት ሴኩቱሬንም ወደ አስመራ በመጋበዝ ከንጉሱ ጋር እንዲነጋገሩ ተደረገ። ኢትዮጵያና ጊኒ በመከፋፈል አያምኑም የሚል መግለጫም በጋራ አወጡ። መሪዎቹን አስማምቶ ማምጣት በጣም የከበደ ስራ እንደነበር የሚናገረው መኮንን በብዙ አጋጣሚዎችም አባቱ ከተማ የዲፕሎማሲ ክህሎታቸውን በመጠቀም ነገሮችን እንዳሳኩ ይናገራል።


Image copyright
Ketema Yifru's family 


አጭር የምስል መግለጫ

                    አቶ ከተማ ይፍሩ ከወቅቱ የታንዛንያው ፕሬዚዳንት ጁልየስ ኔሬሬ ጋር
                

ከተማ በየሃገራቱ ሲዞሩ ""ሀገር አልለቅም፤ ንጉሱ አያስገቡኝም"" የሚሉ ማባበያዎችን ይጠቀሙ እንደነበር የሚናገረው መኮንን ከተማ የቱኒዝያውን ፕሬዚዳንት ያግባቡበትን መንገድ ለይቶ ይጠቅሳል። ፕሬዚዳንቱ የሁለቱ ቡድኖች የጋራ አቋም ሳይኖር እንዴት አንድ ላይ እንሰበሰባለን የሚል የእምቢታ ምላሽ ሲሰጧቸው በምላሹም  ""አፄ ኃይለሥላሴ ያለርሰዎ ይህ ስብሰባ አይካሄድም"" እንዳሏቸው መኮንን ይናገራል።በወቅቱ አፄ ኃይለሥላሴ የነበራቸው ቦታ ከፍተኛ ስለነበርም የቱኒዚያው ፕሬዝዳንት እሺ ብለው መጡ። ያ ታሪካዊ ስብሰባ ሊደረግም በቃ፤ የአፍሪካ አንድነት ድርጅትም ተበሰረ። ነገር ግን ሁሉ ቀላል አልነበረም። ሁለት የተለያዩ እሳቤዎችን ይዘው የመጡ ቡድኖችን አንድ ላይ መምጣት ቀላል አልነበረም፤ የተወሰኑ ግጭቶች ቢፈጠሩም የነበረው የስሜት ድባብ በጣም የተለየ እንደነበር አቶ ከተማ ለልጃቸው ለመኮንን ነግረውታል። ""እንዲህ አይነት ስሜት አፍሪካ ውስጥ ተፈጥሮ አያውቅም"" ብለው አባቱ አጋጣሚውን ገልፀውለታል።አዲስ አበባን የአፍሪካ አንድነት ድርጅት ፅህፈት ቤት የማድረግ ትግልበመቀጠልም የአፍሪካ ፖሊሲዎችን ማርቀቅ፣ የድርጅቱ ፀሐፊ እንዲሁም ዋና ፅህፈት ቤት የት ይሁኑ የሚሉ አንገብጋቢ ጥያቄዎች ነበሩ። በከተማ አመራርነት የውጭ ጉዳይ ሚኒስቴር የሁለቱን አንጃዎች ፖሊሲና ሌሎች ሀሳቦችን ጨምረው አቀረቡ፤ ፖሊሲዎቹ ላይ አንዳንድ አለመስማማቶች ቢፈጠሩም ሰነዱ ተፈረመ።ከተማ ስራቸው አላለቀም ለኢትዮጵያ የነበረው ጥሩ ስሜት እያለ ኢትዮጵያ የድርጅቱ ፅህፈት ቤት መቀመጫ ትሁን የሚል ሀሳብ አቀረቡ። በፍጥነት ከአመራሩ  ""አይቻልም"" የሚል ምላሽ ተሰጣቸው። ምክንያቱ ደግሞ ""ከተማ የራሱን ስም ለማበልፀግ"" እየሰራ ነው ብለው ንጉሱን የሚመክሩ ስለነበሩ እንደሆነ መኮንን ይናገራል።የተፈራው አልቀረም ትንሽ ቆይቶም ፈረንሳይኛ ተናጋሪ ሀገራት የድርጅቱ መቀመጫ ዳካር እንድትሆን መስማማታቸው ተሰማ። ኢትዮጵያ ድርጅቱን ለመመስረት ይህንን ያህል ለፍታ አመድ አፋሽ መሆኗ ንጉሱን አስደነገጣቸው።ከሴኔጋል ሌላም ናይጀሪያ ያላትን ትልቅነት ተጠቅማ እዚህ መሆን አለበት የሚል ክርክርም ጀምራ ነበር። የሃገራቱ እሰጣገባ ብቻ ሳይሆን ""ኢትዮጵያን አትምረጡ"" የሚል ቴሌግራም እንደተሰራጨም እንደነበር የሶማሊያ የውጭ ጉዳይ ሚኒስትር ለከተማ አሳዩዋቸው።""ኢትዮጵያና ሶማሊያ መካከል ግጭት እያለ ሚኒስትሩ ያንን ማድረጋቸው ለአባቴ በህይወቱ ሙሉ የሚያስደንቀው ጉዳይ ነበር። ቢጋጩም የሶማሊያ ድጋፏ ለኢትዮጵያ ነበር"" ይላል መኮንንበመቀጠልም ኢትዮጵያ እንድትመረጥ የማግባባቱ ስራ/ ዘመቻ/ ተጀመረ። በተለይም ለጊኒ እናንተ ኢትዮጵያን መቀመጫ ካደረጋችሁ የፀሀፊውን ቦታ እንሰጣችኋለን የሚል ሃሳብን እንዳቀረበ መኮንን ይናገራል። በመጨረሻም ከናይጀሪያ በስተቀር ኢትዮጵያ የአፍሪካ አንድነት ድርጅት ዋና ፅህፈት ቤት መቀመጫ እንድትሆን አገራቱ ድምፃቸውን ሰጡ።""ብዙዎች እንደሚሉት አፄ ኃይለሥላሴ ስለነበሩ አዲስ አበባ ተመረጠች የሚለው ሳይሆን ከብዙ ማግባባት፣ ክርክርና ፍጭቶች በኋላ ነው የድርጅቱ ፅህፈት ቤት አዲስ አበባ ሊሆን የቻለችው።"" በማለት መኮንን ያስረዳል።


Image copyright
ketema Yifru's family 


አጭር የምስል መግለጫ

                    የአፍሪካ አንድነት ድርጅት ቀደምት ጉባኤዎች
                

ከጋራ ሙለታ ቦስተን ዩኒቨርስቲ ለዘመናት በተለያዩ መድረኮች ላይ ኢትዮጵያን የወከሉት አቶ ከተማ የተባበሩት መንግሥታትን ጨምሮ፤ የውጭ ጉዳይ ሚኒስትር ከመሆናቸው በፊት በተለያዩ ኃላፊነት አገልግለዋል። የትምህርት ጉዟቸው ሀ ብሎ የተጀመረው ኬንያ ነበር። ምክንያቱም ጣልያን ኢትዮጵያን ሲቆጣጣር በሰባት አመታቸው ወደ ጂቡቲ ለመሰደድ ተገደዱ።ትንሽ ጊዜ ጅቡቲ ቆይተውም ጉዟቸውን  ከአጎታቸው ጋር ወደ ኬንያ አደረጉ። በእንግሊዝ ቅኝ ግዛት ስር በነበረችው ኬንያም ስደተኞች ከአገሬው ተማሪ ጋር አብሮ መማር ስለማይቻል ለኢትዮጵያውያን ስደተኞች ተብሎ በተከፈተውና በቢትወደድ ዘውዴ ገብረ ህይወት ኃላፊነት በሚመራው ትምህርት ቤት ጀመሩ።ኢትዮጵያ ነፃነቷን ስትቀዳጅ ደግሞ ወደ ጋራ ሙለታ ተመለሱ። ያኔም ትምህርታቸውን የመቀጠል ፅኑ ፍላጎት እንደነበራቸው መኮንን ይናገራል። ለዚህ ደግሞ የአጋጣሚ በር ተከፈተላቸው። ንጉሱ የተለያዩ አካባቢዎችን በሚጎበኙበት ወቅት ጋራ ሙለታን ሲጎበኙ በአካባቤው ዕድሜያቸው ለትምህርት የደረሱ ልጆች አሉ ምን ይደረግ? ብለው ሲጠየቁ አዲስ አበባ የቀዳማዊ ኃይለሥላሴ ሁለተኛ ደረጃ ትምህርት ቤት መምጣት እንደሚችሉ ምላሽ ተሰጣቸው። መኮንን እንደሚናገረው አዲስ አበባ ሄደው ወዲያው ትምህርት ቤት የሚገቡ መስሏቸው የነበረ ቢሆንም ሲደርሱ አናስገባም የሚል ምላሽ ተሰጣቸው። የሚያድሩበትም ሆነ የሚበሉት አልነበራቸውም፤ በጊዜው ""ሰው ለሰው አዛኝ በመሆኑ"" ይላል በአካባቢው የነበሩ ወታደሮች መጠጊያ ሆኗቸው። ስራም እየሰሩ ትንሽ ከቆዩ በኋላ ነገሩ በወቅቱ የጦር ሰራዊት ኃላፊ ለነበሩት ጄኔራል መርዕድ መንገሻ በመነገሩ በሳቸው ምክንያት ትምህርታቸውን ሊጀምር እንደቻሉ ይናገራል።


Image copyright
ketema Yifru's family 

የትምህርት ቤቱ ተማሪዎች የመኳንንትና የሹማምንት ልጆች በመሆናቸው ከፍተኛ ልዩነት ይታይበት የነበረ ሲሆን አባቱ የነገሩትንም መኮንን እንዲህ ያስታውሰዋል።""ንጉሱ በየጊዜው እየመጡ ተማሪዎቹን ይጎበኛሉ። መምህሩም ስም በሚጠራበት ወቅት ከስማቸው ፊት ደጃዝማች፣ ልዑል እንዲሁም ሌሎች ሹመቶች ነበሩ። ጃንሆይም ልጆቹ በእኩልነትና ያለምንም ተፅእኖ ትምህርታቸውን እንዲማሩ ቅጥያው እንዲሰረዝ አዘዙ"" ይላል።በመቀጠልም ለከፍተኛ ትምህርት ወደ አሜሪካ ሚቺጋን ሆፕ ኮሌጅ ፖለቲካል ሳይንስና አለም አቀፍ ግንኙነት ለማጥናት ያቀኑ ሲሆን፤ የማስተርስ ዲግሪያቸውንም በቦስተን ዩኒቨርስቲ በተመሳሳይ ትምህርት ተመርቀዋል። አሜሪካ ሲደርሱ ከፍተኛ ዘረኝነት ያጋጠማቸው ሲሆን፤ ""ውሾችና ጥቁሮች አይፈቀድም"" የሚሉ መልእክቶች እንዲሁም የነበረው የዘረኝነት ሁኔታ አፍሪካዊነታቸውን ብቻ ሳይሆን የፓን አፍሪካዊነት ፅንሰ ሀሳባቸውንም በከፍተኛ ሁኔታ ያሳደገው ነገር እንደሆነ መኮንን ይናገራል።ምንም እንኳን የፒኤችዲ ትምህርታቸውን እንዲቀጥሉ ቢጠየቁም ቤተሰቤን እረዳለሁ ብለው ተመለሱ። ትልቅ ህልም የነበራቸው አቶ ከተማ በውጭ ጉዳይ በተለያዩ ዘርፎች በኃላፊነት ቢያገለግሉም ከደሃ ቤተሰብ ከመምጣታቸው ጋር ተያይዞ ሹመቶች ያመለጧቸው ነበር።የሹማምንት ልጆች በተለያዩ መስሪያ ቤቶች ሲቀመጡ እሳቸው ዝም ተባሉ። ይህንንም ጉዳይ በጊዜው ውጭ ጉዳይ ለነበሩት ለፀሀፌ ትዕዛዝ አክሊሉ ኃብተወልድ አጫወቷቸው ነበር። ሚኒስትሩም ጉዳያቸውን ለንጉሱ እንዲያቀርብ መከሯቸው። ""ደፋርና በግልፅ ተናጋሪ ነበር"" የሚለው መኮንን ለንጉሱ የጠየቀበትን መንገድ ይገልፃል "" እኔ ወደ ኋላ የቀረሁት በማንነቴ ነው"" ብሎ በመናገሩ ንጉሱ ተቆጥተው ውጣ አሉት። 


Image copyright
Ketema Yifru's family 


አጭር የምስል መግለጫ

                    አቶ ከተማ ይፍሩ ከታንዛኒያው ዲፕሎማት ሳሊም አህመድ ሳሊም ጋር
                

ቢሆንም የደመወዝ ጭማሪ ተደረገላቸው፤ ከጥቂት ጊዜ በኋላም ቢሆን ደግሞ ሹመቱ ተሰጣቸው። ለሹመቱም ጄኔራል መርዕድ ከፍተኛ አስተዋፅኦ ያደረጉ ሲሆን ብዙ ተቃውሞም ገጥሟቸዋል።  የውጭ ጉዳይ ኃላፊ መሆን ግን አልጋ ባልጋ አልሆነላቸውም። ""ይህ ሁኔታ በጣም አስደንጋጭ ነበር። ብዙዎች በመቃወም ተከራክረዋል። ምንም እንኳን ሹመቱ ጥሩ ቢሆንም። ብዙ ጠላቶችንም ማፍራት ቻለ"" በማለት መኮንን ይናገራል። ንጉሱን በድፍረት በመናገር ታሪክ የሚያስታውሳቸው ከተማ የንጉሱም ዋና ልዩ ፀሀፊም ለመሆን ችለው ነበር። ምንም እንኳን ከአፍሪካውያን ጋር ህብረት መመስረትና ሌሎች አማራጮችን በድፍረት መናገሩ ብዙዎችን ቢያስደንቅም ለመኮንን ""ንጉሱ እሱን መስማታቸውና የሚመክራቸውንም ጉዳይ ተግባራዊ ማድረጋቸውን ያደንቃል"" ሌላው ሰው የማይጠይቃቸውን ነገሮች ከተማ በድፍረት ይጠይቁ እንደነበርም መኮንን ይናገራል። ለምሳሌ አባቱ ካጨወቱት መካከል አፄ ኃይለስላሴን ንጉስ ባይሆኑ ምን ይሆኑ ነበር? ብለው ጠይቀው ነበር። እርሳቸውም በምላሹ ""ዶክተር"" ብለው መልሰውለታል። ተራማጁ በንጉሳዊ አገዛዝ ስርአት ውስጥ ብዙ እሳቤዎቻቸው ከጊዜው የቀደመ ነው የሚባልላቸው ከተማ አፍሪካ አንድነት ድርጅትን መሰረት ከማስያዝ በተጨማሪ የኢትዮጵያ የውጭ ጉዳይ ፖሊሲ ገለልተኛ አቋም እንዲኖረው ብዙ ጥረዋል። ከዚያም በተጨማሪ ንጉሱን ስልጣን ለልጃቸው እንዲያጋሩ፤ ህገ መንግሥታዊ የዘውዳዊ ስርዓት እንዲመሰረት የሚሉና ሌሎች ኃሳቦችን አካተው ምክር አዘል ደብዳቤም ፅፈውላቸው ነበር።ከተማ ይፍሩ ለአፄ ኃይለሥላሴ የፃፉት ደብዳቤ 


Image copyright
Makonen ketema


አጭር የምስል መግለጫ

                    የአፄ ኃይለሥላሴን እጣ የተነበየው የአቶ ከተማ ደብዳቤ
                

""በዚች አነስተኛ ማስታወሻ ላሳስብ የምወደው ግርማዊነትዎ ከፈለጉ የመሸጋገሪያውን ድልድይ ለመዘርጋትና የኢትዮጵያ ህዝብ ወደፊት ከሞግዚትነት ወጥቶ የራሱን እድል በራሱ ለመወሰን የሚያስችለውን ለማድረግ ስለሚችሉ ሳይውል ሳያድር አስበውበት አንድ የተፋጠነና የተወሰነ እርምጃ እንዲወስዱ ነው"" ከደብዳቤው የተቀነጨበ በድፍረት የመናገሩ ጉዳይ ገደብ እንዳለው ያልተረዱት አቶ ከተማ በተለይም በስልጣናቸው ላይ መምጣቱ በንጉሱ ዘንድ ቅሬታን አሳደረ። ደብዳቤውን በፃፉ በማግስቱ ከውጭ ጉዳይ አውጥተው ወደ ንግድ፣ ኢንዱስትሪና ቱሪዝም ሚኒስትር ቀየሯቸው። አባቱ በሁኔታው ብዙ ደስተኛ እንዳልነበሩና እንደከፋቸውም መኮንን ይናገራል። ከሶስት አመታት በኋላም ከተማ የተነበዩት አልቀረም ንጉሱ ከስልጣን ወረዱ። ""ምክሩን ሰምተው ቢሆን ኖሮ ያ መጥፎ ስርአት ላይመጣ ይችል ነበር፤ ይስተካከልም ነበር"" ይላል መኮንን የአፍሪካ አንድነት ድርጅትን ፅንሰ ሃሳብ ከመመስረት ጀምሮ፣ የአፍሪካ ፖሊሲዎችን ማርቀቅ፣ ካዛብላንካንና ሞኖሮቪያን አስማምቶ አንድ ላይ ማምጣትና የአፍሪካ አንድነት ድርጅት ፅህፈት ቤት አዲስ አበባ እንዲሆን ማድረግ ከሚጠቀሱ ስራዎቻቸው የተወሰኑት ቢሆንም ታሪክም ሆነ ታሪክ ፀሀፊዎች ዘንግተዋቸዋል። በስማቸውም የተቀመጠ ሀውልት ወይም ሌላ ማስታወሻ የላቸውም። ለምን? መኮንን መልስ አለው ""አንድ ህዝብ ታሪኩን ሳያውቅ ሲቀር ይህ ነው የሚሆነው፤ የአፍሪካ አንድነት ድርጅት እንዴት ተመሰረተ የሚለውን በአንድ አረፍተ ነገር መናገር እንችላለን፤ ቀዳማዊ አፄ ኃይለሥላሴ ሁለቱን ቡድኖች አስታረቁ ማለት እንችላለን። ዝርዝሩን ግን ምን ያህል እናውቃለን፥ መንግሥት በተለወጠ ቁጥር ታሪክ የሚጀምረው በእኔ ነው ይልና ያኛውን ያፈርሰዋል። የሚያውቁት ደግሞ እኔ ለሳቸው ተገዢ ነኝ የሚል አስተሳሰብ አለ። የአቶ ከተማ ይፍሩ ስም ከተነሳ ድንገት የሳቸውን ሊሸፍነው ይችላል የሚልም ነገር ይኖራል። አይሸፍንም እሳቸው መሪ ናቸው ተገቢውን ክብር ማግኘት አለባቸው። ነገር ግን ገና ለገና የሳቸውን ስም ይሸፍናል በሚል የግለሰቦች አስተዋፅኦ ሊደበቅ አይገባም። በዛ ላይ ከእንደዚህ አይነት ደሃ ቤተሰብ ከመጣ ሰው ይህንን ሁሉ ታሪክ ከሰራ በኋላ፤ ላገሩ ካበረከተ በኋላ ለሌሎች ምሳሌ ይሆናል እንጂ ይሄንንማ መደበቅ አንችልም"" ያ ተስፋን የሰነቀ ድርጅት ብዙም አልቀጠለም በአባላቱ ሃገራት መፈንቅለ መንግሥቶች፣ ግድያዎች ቀጠሉ። በተለይም ከተማ በደርግ ጊዜ ከዘጠኝ አመት የእስር ቆይታ በኋላ ምሬታቸውና ኃዘናቸው ከፍተኛ እንደነበር መኮንን ይናገራል። 


Image copyright
Makonen ketema

የአፍሪካ አንድነት ድርጅት በተመሰረተበት በመጀመሪያዎቹ ሶስት አመታት ችግሮቻቸውን በአህጉራዊ ድርጅቱ ይፈቱ ነበር እንደ ምሳሌም የሚነሱት አልጀሪያና ሞሮኮ ሲዋጉ ኢትዮጵያ አንዷ አሸማጋይ ነበረች።እሳቸውም በአንድ ወቅት በአሜሪካ ድምፅ ተጠይቀው እንደተናገሩት ""ሀገራቱ ስልጣን የሚተካኩበት ስርዓት ማምጣት ስላልቻሉ መፈንቅለ መንግሥቶች መከታተል ጀመሩ"" ብለዋል።አፍሪካውያን በአንድነት አህጉሯ በአለም አቀፍ ደረጃ የመደራደር አቅምን እንዲሁም ተሰሚነት እንድታገኝ የተጀመረው ጉዞ ወደ ኋሊት ሆኖ ወታደሮች በተለያዩ ቦታዎች ስልጣንን መያዝ ጀመሩ። ይህም ሁኔታ በጣም ያሳዝናቸው ነበር ቢልም እሳቸው ካበረከቱት አንፃር ከአንድ ሰው ከሚጠበቀው በላይ እንዳደረጉ የሰሯቸው ስራዎች ምስክር ናቸው ይላል። ከባለቤታቸው ራሔል ስነ ጊዮርጊስ አራት ልጆች አፍርተዋል። ከእስር ሲፈቱ የአስራ አምስት አመት ልጅ የነበረው መኮንን ደግ፣ ቀላልና የሰው ሃሳብ የሚሰሙ ሰው እንደነበሩ ይናገራል። አቶ ከተማ ራሳቸውንስ እንዴት ይገልፁ ይሆን መኮንን እንደሚለው ወጣ ያለ አስተሳሰብ (ሬብል)  ነኝ ይሉ ነበር ብሏል። 
",https://www.bbc.com/amharic/news-47169409
4,በጎንደር የተለያዩ ዞኖች በተከሰተ ግጭት 39ሺህ ሰዎች ተፈናቀሉ,8 ፌብሩወሪ 2019,"





አጭር የምስል መግለጫ

                    የአማራ ክልል ኮሙኑኬሽን ቢሮ ኃላፊ አቶ አሰማኸኝ አስረስ
                

ሰሞኑን በጎንደር እና ዙሪያው በተከሰቱ ግጭቶች በሰው እና በንብረት ላይ ጉዳት መድረሱን እና በሺዎች የሚቆጠሩ መፈናቀላቸውን የክልሉ መንግሥት አስታወቀ። የአማራ ክልል ኮሚኒኬሽን ቢሮ ኃላፊው አቶ አሰማኸኝ አስረስ ዛሬ ከሰዓት ጋዜጠኞችን ሰብስበው ''ሰሞኑን በማዕከላዊ ጎንደር በምስራቅ ደንቢያ ወረዳ፣ ላይ አርማጨሆ እንዲሁም በጭልጋ አካባቢ ግጭቶች ተከስተው በሰዎች ሕይወት እና ንብረት ላይ ጉዳት ደርሷል። ጎንደር አካባቢ በተፈጠረው ግጭት የተፈናቃዮች ቁጥር ወደ 39ሺህ ደርሷል'' ብለዋል። አቶ አሰማኸኝ በባህር ዳር ከተማ በሰጡት መግለጫ፤ የዛሬ ሳምንት በዕለተ ዓርብ ጥር 24 በማዕከላዊ ጎንደር ሰፍሮ የነበረው የመከላከያ 24ኛ ክፍለ ጦር ቦታውን ለቅቆ 33ኛው ክፍለ ጦር እስኪረከብ ድረስ በተፈጠረው ክፍተት፤ ፅንፈኛ ያሏቸው ቡድኖች የአማራ ክልል ልዩ ኃይል ላይ ተኩስ ከፍተው በሁለቱም ወገኖች መካከል የሰው ሕይወት መጥፋቱን ተናግረዋል።  ከዚያ በኋላ ባሉት ቀናት የተለያዩ ቀበሌዎች የሰው ሕይወት መጥፋቱን እና በመቶዎች የሚቆጠሩ ቤቶች በእሳት እንዲጋዩ መደረጋቸውን አብራርተዋል። • በማዕከላዊ ጎንደር ዞን በተፈጠረ ግጭት በሰውና በንብረት ላይ ጉዳት ደረሰ• የማንነት ጥያቄዎች የጎሉበት የአማራ ክልል ከተሞች ሰልፍጥር 27፣ 28 እና 29 በነባሩ ጭልጋ ወረዳ መቋሚያ ማርያም፣ ችሃ ማንጊያ፣ አማኑኤል ቀን ወጣ፣ ናራ እና አንከር አደዛ በተሰኙ ቀበሌዎች፤ ቤቶች መቃጠላቸውን እንዲሁም ጥር 29 እና 30 ደምቢያ ወረዳ ሰቀልተ ሰሃ መንጌ እና ድርማራ ቀበሌዎች ቤቶች መቃጠላቸውን እና በድርማራ ቀበሌ የአንድ ሰው ሕይወት ማለፉን ጨምረው ተናግረዋል። እንደ አቶ አሰማኸን ገለፃ ትናንት ማታ በጎንደር በጥቃቅንና አነስተኛ የተደራጁ ወጣቶች የከብት ማደለቢያ ላይ ቃጠሎ ደርሶ 40 የቀንድ ከብቶች ተቃጥለዋል። ቃጠሎው ከአለመረጋጋቱ ጋር መያያዝ አለመያያዙን ገና መጣራት እንዳለበትም ጨምረው አብራርተዋል። አቶ አሰማኸኝ በመቀጠል ያብራሩት፤ በምዕራብ ጎንደርም ግጭት እንደነበረና በዚህም ምክንያት በሰውና በንብረት ላይ ጉዳት መድረሱን ነው። ከዚህ በፊት የተፈጠረው ችግር መረጋጋት ቢያሳይም በቅርቡ ግን መተማ አካባቢ ችግር ተከስቶ የሰው ሕይወት ማለፉን አስረድተዋል። ''በምዕራብ ጎንደር ተከስቶ የነበረው ግጭት ወደ ሰላም እየመጣ ነው። ነገር ግን ጥር 30 በምዕራብ ጎንደር መተማ ወረዳ ግጭት ተከስቶ የአንድ ሰው ሕይወት አልፏል'' ብለዋል። • የጎንደር ሙስሊሞች እና የመስቀል በዓል• ጠቅላይ ሚኒስትር አብይ ወልቃይትን አስመልክቶ ምላሽ ሰጡለመሆኑ በግጭቱ የተፈናቀሉ ሰዎች ምን እየተደረገላቸው ነው ተብለው ተጠይቀው፤ መንግሥት የተለያዩ ድጋፎችን እያደረገ እንደሆነ ገልፀው ማህበረሰቡ ዛሬም እርስ በእርሱ እየተደጋገፈ መሆኑንም ጠቅሰዋል።በዛሬው ዕለት ከጎንደር አርማጨሆ የትራንስፖርት አገልግሎት ተጀምሮ የነበረ ቢሆንም 2 ሰዎች በመታገታቸው ምክንያት ሌሎች ላይ የማሳደድ ተግባር በመፈፀሙ መቋረጡን ተናግረዋል።የማዕከላዊ ጎንደር ዞን የፖሊስ መምሪያ ኃላፊ የሆኑት ኮማንደር እንየው ዘውዴ ደግሞ ለቢቢሲ ሲናገሩ ''አማራ እና ቅማንት ለረዥም ዓመታት አብረው የኖሩ እና ወደፊትም አብረው የሚኖሩ ሕዝቦች ናቸው። ነገር ግን በመካከላቸው ሌላ ኃይል ገብቶ ደም እያቃባ ይገኛል። እሱን ለመከላከል የክልሉ ኃይል እና ሃገር መከላከያ በመቀናጀት ሥራ እየተሠራ ነው''ብለዋል። ኮማንደር እንየው ''ሌላ ኃይል'' ያሉት ቡድን የትኛው እንደሆነ እንዲነግሩን ላቀረብንላቸው ጥያቄ ''ይሄ ግልጽ ነው። ሁሉም ያውቀዋል። የአደባባይ ምስጢር ነው'' ከማለት ውጪ እሳቸው ''ኃይል'' አቶ አሰማኸኝ ደግሞ ''ጸንፈኛው ቡድን'' ያሉትን አካል በስም ከመጥቀስ ተቆጥበዋል። 
",https://www.bbc.com/amharic/47177920
5,ከ300 በላይ የሚዛን ቴፒ ዩኒቨርሲቲ፤ ሚዛን ካምፓስ ተማሪዎች መታመማቸው ተሰማ,7 ፌብሩወሪ 2019,"



Image copyright
Mizan Tepi University FB

በሚዛን ቴፒ ዩኒቨርስቲ ሚዛን ካምፓስ 330 ተማሪዎች ታመው ህክምና ማግኘታቸው ተሰማ።ህመሙ በዩኒቨርስቲው መከሰቱን የሰሙት ማክሰኞ ዕለት ጥር 28/2011 ዓ.ም ከጠዋቱ 4፡30 ጀምሮ እንደሆነ የተናገሩት የሚዛን ቴፒ ዩኒቨርስቲ ማስተማሪያ ሆስፒታል ሜዲካል ዳይሬክተር ዶ/ር ቴዎድሮስ ወርቁ መጀመሪያ ላይ 15 ተማሪዎች ወደ ሆስፒታላቸው መምጣታቸውን ገልፀዋል።• የሚዛን ቴፒ ዩኒቨርስቲ ስጋት ነግሶበታልዶክተሩ እንደተናገሩት በዩኒቨርስቲው ክሊኒክ ያሉ መረጃዎች እንደሚያሳዩት ተማሪዎቹ የህመም ምልክት ማሳየት የጀመሩት ባለፈው ሳምንት አርብ ጥር 24 /2011 ዓ.ም ጀምሮ መሆኑን ነው።""እንዲህ አይነት ወረርሽኝ ሲከሰት ኮሌራ ተከስቶ ይሆን የሚለው አስግቶን የነበረን ቢሆንም ምርመራው ተደርጎ አለመሆኑ ተረጋግጧል ብለዋል።"" በምርመራው የተገኘው ኢኮላይ የተሰኘ ባክቴሪያ መሆኑንም ጨምረው ገልፀዋል። ዶ/ሩ እንደተናገሩት የታመሙ ተማሪዎቹ ቁጥር ከፍተኛ ሲሆን በግቢው ክሊኒክ ውስጥ ጊዚያዊ የህክምና መስጫ አቋቁመው ህክምና እየተደረገላቸው  መሆኑን ተናግረዋል።  ከተማሪዎቹ ከተወሰደው ናሙና የተገኘው ጥገኛ ተዋህስ ከሰው ልጅ ጋር ተስማምቶ የሚኖር ባክቴሪያ ቢሆንም በተለያየ ምክንያት ግን ጠቃሚ የነበረው ጎጂ ሊሆን ይችላል ይላሉ ዶ/ር ቴዎድሮስ።ይሁን እንጂ በሽታው በአንድ ጊዜ ተማሪዎቹ ለተመሳሳይ ነገር ተጋልጠው የመጣ ሊሆን እንደሚችልም ይጠረጥራሉ። ህመሙ በውሃ ወይም በምግብ አማካይነት ሊከሰት ስለሚችል መንስኤውን ለማወቅ ከፌደራልም ሆነ ከክልል የሚመጡ ባለሙያዎች ምርመራ እንዲያደርጉ አስፈላጊውን ነገሮች ማመቻቸታቸውን አስረድተዋል። • በአሜሪካ ሀሰተኛ ዩኒቨርሲቲ የሚማሩ ተማሪዎች መታሰር በሕንድ ቁጣን ቀሰቀሰበአሁኑ ሰዓት በጊዜያዊ ማቆያውም ሆነ በሆስፒታሉ ተኝተው እየታከሙ ያሉት ተማሪዎች ቁጥር ከ20 እንደማይበልጥ የሚናገሩት ዶ/ር ቴዎድሮስ በሽታው በአካባቢው ማህበረሰብም ሆነ በቴፒ ካምፓስ ስለመለከሰቱ መረጃ እንደሌላቸው ተናግረዋል። ጉዳዩን አስመልክተን ያነጋገርናቸው የዩኒቨርስቲው ፕሬዝዳንት ዶ/ር ፋሪስ ቴሊል የጤና ችግሩ በምን ምክንያት እንደተከሰተ እስካሁን እንዳልተረጋገጠ የተናገሩ ሲሆን ማክሰኞ ዕለት ግን ቁጥራቸው በርከት ያሉ ተማሪዎች የጤና መታወኩ እንዳጋጠማቸው ለቢቢሲ አረጋግጠዋል። ሕክምና ያገኙት ተማሪዎች ቁጥር 330 ሲሆኑ አብዛኞቹ በዩኒቨርሲቲው የተማሪዎች ክሊኒክ የታከሙ ሲሆን ቀሪዎቹ ደግሞ በዩኒቨርሲቲው ማስተማሪያ ሆስፒታል ሕክምና አግኝተዋል። አብዛኞቹም ከህመማቸው በማገገማቸው በህክምና ላይ የነበሩት ተማሪዎች ቁጥር በከፍተኛ ሁኔታ እንደቀነሰ አስረድተዋል።ዩኒቨርሲቲው አንገብጋቢ የውሃ ችግር ያለበት መሆኑንና ግቢ ውስጥ የሚጠቀሙት የጉድጓድ ውሃ በቂ ባለመሆኑም ከከተማ እያስመጡ እንደሚጠቀሙ የሚናገሩት ፕሬዚዳንቱ የጤና መታወኩ ከመከሰቱ አስቀድሞ ለተከታታይ 3 ቀናት በግቢው ውስጥ ውሃ ጠፍቶ እንደነበር አስታውሰዋል።
",https://www.bbc.com/amharic/news-47156018
6,ጣልያን በተሸነፈችበት አድዋ ቆንስላዋን ለምን ከፈተች?,8 ፌብሩወሪ 2019,"





አጭር የምስል መግለጫ

                    በአድዋ የሚገኘው የጣልያን ቆንስላ
                

የአውሮፓ ሀገራት በጀርመኑ መሪ ቢስማርክ አስተባባሪነት የአፍሪካን ሀገራት ለመቀራመት መስማማታቸውን ተከትሎ የአፍሪካ ሀገራትን በቁጥጥራቸው አዋሉ።የሀገራቱ መንግሥታት በተስማሙበት መሰረት አፍሪካን በቅኝ ግዛት ቁጥጥር ስር የማዋል ተግባሩ ተጀመረ። የኢትዮጵያ ቀኝ ገዢ እንድትሆን የተመረጠችው ጣልያንም ጦርዋን አዝምታ ከኢትዮጵያ ሰራዊት ጋር በአድዋ ውጊያ ገጥማ ድል ተነሳች።•የታሪክ ቁንጮዋ ከተማ ይፍሩን ዕውቅና የነፈገችው ኢትዮጵያ ጣልያን ከዛ በፊትም በዶጋሊ ሽንፈት አጋጥሟት የነበረ ቢሆንም ይህኛው ሽንፈት ግን በአለም አቀፍ ደረጃ ከፍተኛ ሽፋን አግኝቶ የጣልያን ብሄራዊ ክብር ዝቅ ያደረገ ውጊያ ሆኖ በታሪክ ተመዝግቦ ይገኛል።ጣልያን በተሸነፈችበት ቦታ ቆንስላዋንለምን ከፈተች?ጣልያን በአድዋ ጦርነት ከተሸነፈች ከስድስት ወራት በኋላ እዛው ድባቅ በተመታችበት ስፍራ ቆንስላዋን ከፈተች።የኢትዮጵያ ዋና ከተማ አዲስ አበባ ሆና ሳለ ጣልያን ቆንስላዋን በአድዋ መክፈት የፈለገችበት ምክንያት ብዙዎችን በወቅቱ አስገርሟል። •""ሌቱም አይነጋልኝ"" የተባለላት የውቤ በረሃ ትዝታዎችእንዲሁ ሲታይ ጣልያን ቆንስላዋን በአድዋ መክፈት የፈለገችው ሁለቱም ነጻ ሀገራት እንደመሆናቸው መጠን ፖለቲካዊ እና ኢኮኖሚያዊ ግንኘነታቸው እንዲጠናከር ከመፈለግ የተነሳ እንደሆነ በአክሱም ዩኒቨርስቲ የአርኪኦሎጂ እና ታሪክ ኢንስቲትዩት ዳይሬክተር ተክለብርሃን ለገሰ የታሪክ መጽሃፍትን ዋቢ በማድረግ ቢናገሩም የሚቃረን ጉዳይ እንዳለ አልካዱም።""እነዚህ የተጠቀሱት ምክንያቶች ቆንስላዋን ዋና ከተማ በሆነችው አዲስ አበባ በማድረግ ሊሰሩ ይችሉ የነበሩ ናቸው"" ይላሉ ከዚህ ሁሉ በላይ ዋነኛው ምክንያቷ የሚሉት ግን በአድዋ ያጣችውን ድል ለማግኘት ጥናት ለማካሄድ ነበር ይላሉ። •የተነጠቀ ልጅነት  በዚህም መሰረት የጣልያን መንግሥት በአድዋ ጦርነት ላይ ሰራዊቱ ሊሸነፍ የቻለው የተካሄደበትን የአድዋ ገጸ ምድር አስፈላጊውን ጥናት ባለማካሄዱ እንደሆነ ገምግመዋል የሚሉት መምህር ተክለብርሃን ጣልያን ለሽንፈቴ ምክንያት ያለችውንም የአድዋን ተራሮች በቅርበት ለማጥናት ታስቦ ቆንስላዉን እንደተከፈተ ያብራራሉ። ጣልያን ከ 40 አመታት በኋላ እንደገና ኢትዮጵያን በወረረችበት ወቅት ቆንስላው የተለያዩ ጥናቶችን በማጥናት ድልን ለመቀዳጀት እንደጠቀማቸውም መምህሩ ያስረዳሉ።በቆንስላው ቅጥር ግቢ ውስጥ በአድዋ አቅራብያ የሚገኘውን ትልቁን የሰሎዳ ተራራን ያክላል የተባለውን የሰንደቅ አላማ መስቀያ ብረት ይገኛል።ይህ ትልቅ የሰንደቅ አላማ ብረት የተተከለበት ዋነኛ አላማ ደግሞ ጣልያን በተሸነፈበችበት ቦታ ላይ ሰንደቅ አላማቸውን በረዥም ብረት ከፍ አድርጎ በማውለብለብ ሽንፈታቸውን ለማካካስ እንደ ምልክትነት እንደተጠቀሙበት በትግራይ ባህል እና ቱሪዝም ቢሮ የቱሪዝም ባለሙያ አቶ ጽጌ ኃይለማርያም ገልጸዋል።እንደ ባለሙያው ገለጻ ቆንስላው ከተራሮቹ ጥናት በተጨማሪ የህዝቡን የአሸናፊነት ምስጢርም ለማወቅ እንደነበር የከተማዋ ሽማግሌዎችን በማጣቀስ ይገልፃሉ።




አጭር የምስል መግለጫ

                    በአድዋ የሚገኘው የጣልያን ቆንስላ
                

ቆንስላው በምን ደረጃ ላይ ይገኛል?ቆንስላው በያኔ የሮማውያን ኪነ ህንጻ ጥበብ የተሰራ ባለ ሶስት ፎቅ ህንጻ ነው። እስካሁን በጣልያንም ይሁን በኢትዮጵያ መንግሥት ምንም እድሳት ያልተደረገለት ሲሆን የትምህርት ቁሳቁሶች ማከማቻ ሆኖ ይገኛል። በውስጡ የወዳደቁ እና የተሰባበሩ ወንበሮች ይገኛሉ። የትግራይ ባህል እና ቱሪዝም ይህንን ታሪካዊ ቦታ ያውቀው እንደሆነ ለቢሮው ሰራተኛ አቶ ጽጌ ኃይለማርያም ቢቢሲ ጥያቄ ያቀረበላቸው ሲሆን፤ የትግራይ ባህል እና ቱሪዝም ቢሮ ለአድዋ ማዘጋጃ ቤት ጥያቄ እንዳቀረበ እና ታድሶ የቱሪዝም መዳረሻ ለማድረግ ሀሳብ እንዳለ ገልፀዋል።ይህ በኪነ ህንጻው ውብ የሆነውን ቆንስላ በማደስ የጣልያን ጎብኚዎችን ብቻ ትኩረት አድርጎ እንኳ ቢሰራ ዋነኛ የቱሪዝም መዳረሻ ሊሆን እንደሚችል የአክሱም ዩኒቨርስቲ መምህሩ አቶ ተክለብርሃን ያስረዳሉ።




አጭር የምስል መግለጫ

                    በአድዋ የሚገኘው የጣልያን ቆንስላ
                


",https://www.bbc.com/amharic/news-47171290
7,በደቡብ ወሎ ሙሽራና ሚዜውን የገደለው ቦምብ የማን ነበር?,6 ፌብሩወሪ 2019,"



Image copyright
AFP

በደቡብ ወሎ ዞን ቦረና ወረዳ በታ መንደጋ ቀበሌ የሰርግ ሥነ ሥርዓታቸውን ፈፅመው በጫጉላ ሥነ ሥርዓታቸው ላይ በፈነዳ ቦምብ ሙሽራውን ጨምሮ የሁለት ሰዎች ሕይወት አልፏል።• ሙሽሪት እጮኛዋ መቃብር ላይ ድል ባለ ሠርግ ተሞሸረችየቦረና ወረዳ ኮሚዩኒኬሽን ባለሙያ የሆኑት አቶ ሲሳይ ክፍሉ በሌሎች 3 ሰዎች ላይም ጉዳት መድረሱን እንደሰሙ ለቢቢሲ የገለፁ ሲሆን ቦምቡ ሙሽራውና ሚዜው ሲነካኩት ሊፈነዳ እንደቻለ ተናግረዋል።በወቅቱ ሙሽራዋ ወደ ቤተሰቦቿ ጋር ሄዳ ስለነበር ከአደጋው ልትተርፍ እንደቻለች ባለሙያው ጨምረው አስረድተዋል። የበታ ቀበሌ ምክትል ሊቀመንበር አቶ አበበ ጌቶ የአካባቢው ማኅበረሰብ እጅግ ማዘኑን ገልጸው፤ ""ሕብረተሰቡ ጥንቃቄ እንዲያደርግና ህገወጥ መሳሪያ ያላቸው እንዲያጋልጡ ግንዛቤ የመፍጠር ሥራ  እየሰራን ነው"" ብለዋል።• ለማጭበርበር የሞተ ያስመሰለው አባት ሚስቱንና ልጆቹን አጣ የቦረና ወረዳ ፖሊስ ፅ/ቤት ኃላፊ ምክትል ኮማንደር ንጋቱ ታመነ በበኩላቸው ጋብቻው ጥር 14፣ 2011 ዓ.ም የተፈፀመ ሲሆን ከሠርጉ ቀን ጀምሮ ለ10 ተከታታይ ቀናት በጫጉላ ከቆዩ በኋላ በአካባቢው ባህል መሰረት አስርት (ልብስ አጠባ) የሚባለውን ስርዓት ጨርሰዋል።ከዚያም ሙሽሮቹ ወደ ቤተሰቦቻቸው ተቀላቅለው በሙሽራው ቤተሰቦች ቤት መኖር ጀምረው እንደነበር ኮማንደሩ ያስረዳሉ።ጥር 26፣ 2011 ዓ.ም  ከቀኑ ስምንት ሰዓት አካባቢ F1 የተሰኘ የእጅ ቦምብ ከሚዜው ጋር በመሆን ከቤት በስተጀርባ ሲቀጠቅጡ ፈንድቶ የሁለቱም ሕይወት ወዲያወኑ ሊያልፍ እንደቻለ ለቢቢሲ አረጋግጠዋል።ኮማንደሩ አንዲት ህፃን በፍንጣሪው ቀላል የሚባል ጉዳት እንደደረሰባት አክለዋል።ሟቾቹ በሃያዎቹ መጀመሪያ የእድሜ ክልል የሚገኙ ሲሆን የቀብር ሥነ ሥርዓታቸው ጥር 27/2011 ዓ.ም መፈፀሙን  ኮማንደር ንጋቱ ገልፀዋል።""ከመንግስት ታጣቂዎች ውጭ ህብረተሰቡ በሠርግ፣ በኃይማኖት ተቋማትና፣ ሠዎች በሚበዙባቸው ቦታዎች የጦር መሳሪያን ይዞ መንቀሳቀስ መመሪያው የሚከለክል ቢሆንም ህብረተሰቡ ግን የጦር መሳሪያ ይዞ የመንቀሳቀስ ልምድ አለው"" የሚሉት ኮማንደሩ ይህንንም ልማድ ለመለወጥ የግንዛቤ ስራ እየተሰራ መሆኑን ገልፀዋል።የፈነዳው ቦምብ ሙሽራው በህገ ወጥ መንገድ ያስቀመጠው መሆኑን መረጃ በማግኘታቸው ሌላ በህግ የሚጠየቅ አካል እንደሌለ ለቢቢሲ ጨምረው ተናግረዋል።የጫጉላ ሥነ- ሥርዓትየወረዳው ኮሚዩኒኬሽን ባለሙያ እንደገለፁልን በአካባቢው ባህል የጫጉላ ሥነ ሥርዓት፤ ከሠርጉ ቀን ጀምሮ ለተከታታይ 10 ቀናት ሙሽራው፣ ሙሽሪትና የወንድ ሚዜዎች ከሙሽራው ቤተሰብ ቤት በተዘጋጀላቸው 'መጨጉያ' ጊዜያዊ ቤት በእንክብካቤ የሚቆዩበት ሥርዓት ነው፤ በአስራ ሁለተኛው ቀን የልብስ አጠባ ሥነ ሥርዓት ከተከናወነ በኋላ ሽልማትና ስጦታ ተበርክቶላቸው ወደ ቤተሰብ ይቀላቀላሉ። በባህሉ መሰረት የሴት ሚዜዎች ከሠርጉ ቀን በኋላ ወደየራሳቸው ቤት ይመለሳሉ እንጂ ከሙሽሮቹ ጋር አይቆዩም።
",https://www.bbc.com/amharic/news-47147638
8,የ56 ዓመቷ ሩሲያዊት በአሳሞች ተበላች,8 ፌብሩወሪ 2019,"



Image copyright
SCIENCE PHOTO LIBRARY

ነገሩ የሆነው ኡድመርሻ በተሰኘ የሩሲያ ግዛት ካዛን በሚባል ከተማ ውስጥ ነው። የ56 ዓመቷ ሴት አሳማዎቹን ለመመገብ ወደ ነበሩበት በረት ትገባለች። ወዲያው ድንገት ምናልባትም ከሚጥል በሽታ ጋር በተያያዘ ራሷን ስታ ትወድቃለች። ከሰዓታት በኋላ ባሏ ወደ አሳማዎቹ በረት ሲመጣ ባለቤቱ መሬት ላይ ወድቃና ብዙ ደም ፈሷት ያገኛታል።ባልየው እዚያው ቤት ውስጥ የነበረ ቢሆንም በጊዜ ተኝቶ እንደነበርና ኋላ ሲነቃ ሚስቱን በዚህ ሁኔታ እንዳገኛታ የሩሲያ መገናኛ ብዙሃን ዘግበዋል።• ታዋቂው ፀሀፊ የአዕምሮ ህመሙን ለመደበቅ ካንሰር ታምሜያለሁ ብሎ መዋሸቱን አመነ • ድብቅ የህጻናት ጋብቻዎች • በማዕከላዊ ጎንደር ዞን በተፈጠረ ግጭት በሰውና በንብረት ላይ ጉዳት ደረሰበአሁኑ ወቅት በሴትዋ አሟሟት ላይ ምርመራ እየተደረግ እንደሚገኝም ተገልጿል።
",https://www.bbc.com/amharic/47167762
9,ፖፕ ፍራንሲስ የካቶሊክ ቄሶች ሴት መነኮሳትን የወሲብ ባሪያ ማድረጋቸውን አመኑ,6 ፌብሩወሪ 2019,"



Image copyright
EPA

 ፖፕ ፍራንሲስ የካቶሊክ ቤተክርስቲያን ካህናት ሴቶች ላይ ወሲባዊ ጥቃትን እንደሚፈፅሙና ባሪያ አድርገው አስቀምጠዋቸው እንደነበር አመኑ። በዚህም ምክንያት ከሳቸው በፊት የነበሩት ፖፕ ቤኔዲክት በካህናቱ ተደጋጋሚ ወሲባዊ ጥቃት ይደርስባቸው የነበሩ የሴቶች መነኮሳት ጉባኤን ለመዝጋት ተገደዋል። ፖፑ አክለውም ""ችግሩ ከፍቶ የወሲብ ባሪያ የተደረጉ የሴት መነኮሳትን ጉባኤ መበተናቸው ይበል የሚያሰኝ ስራ ነው"" ብለዋል። ፖፕ ፍራንሲስ ሴት መነኮሳቱ በካህናቱ ወሲባዊ ጥቃት እንደሚደርስባቸው ሲያምኑ ለመጀመሪያ ጊዜ ነው።•የተነጠቀ ልጅነት  •ሴት እስረኞችና የማዕከላዊ ምርመራ ቤተክርስቲያኗ ችግሩን ለመቅረፍ ጥረት ብታደርግም አሁንም ድረስ ጥቃቱ እየተፈፀመ እንደሆነ አልካዱም። ፖፕ ፍራንሲስ ይህንን የተናገሩት ታሪካዊ በሚባለው በመካከለኛው ምስራቅ ጉብኝታቸው ላይ ለሚገኙ ጋዜጠኞች ነው።ካህናቱና ኤጲስ ቆጶሳቱ መነኮሳቱ ላይ ጥቃት መፈፀማቸውንም ቤተክርስቲያኗ እንደምታውቅና ለመቅረፍም ስራ እየተሰራ እንደሆነ ገልፀዋል።•""የመከላከያ ሚኒስቴርን በተሻለ መልኩ መምራት ይቻላል"" ኢንጂነር አይሻ መሀመድ ፖፕ ፍራንሲስ በሴቶች መነኮሳት ላይ የሚደርስ የወሲብ ጥቃት በከፍተኛ ሁኔታ የተንሰራፋ መሆኑን አምነው በተለይም በአዳዲሶቹ ጉባኤዎች ላይ ስር የሰደደ ነው ብለዋል። በባለፈው ህዳር ወር ላይ የአለም አቀፉ የካቶሊክ ሴት መነኮሳት ማህበር በቤተክርስቲያኗ ውስጥ ያለው ጥቃት ላይ ያለውን ዝምታና ሚስጢራዊ ባህሉን ማውገዛቸው የሚታወስ ነው።ከቀናት በፊትም የቫቲካን የሴቶች መፅሄት ጥቃቱን አውግዞ በአንዳንድ አካባቢዎችም በካህናቱ ተደፍረው የፀነሱ ሴት መነኮሳት እንዲያስወርዱ እንደሚገደዱም ዘግቧል። 
",https://www.bbc.com/amharic/news-47140620
10,ደቡብ ጎንደር መካነ እየሱስ ውስጥ ምን ተፈጠረ?,4 ፌብሩወሪ 2019,"




በትናንትናው ዕለት (ዕሁድ) በአማራ ክልል ደቡብ ጎንደር መካነ እየሱስ ከተማ በነዋሪዎች መካከል የተፈጠረ ቅሬታ ሃይማኖታዊ ገጽታን በመያዝ አለመግባባቱ ከቁጥጥር ውጪ ወጥቶ በንብረት ላይ ጉዳት ደርሷል። ችግሩ መነሻ ምን ነበር?አቶ አደም ጡሃሬ ሴት ልጃቸውን ለመዳር ጥር 26/2011 ዓ.ምን ምርጫቸው አደረጉ። በቀጠሮው መሰረት ሠርግ የሚጠይቀውን ማንኛውንም ነገር ተሰናድቶ ተቆረጠው ዕለት የሠርግ ሥነ ሥርዓቱ መከናወን ጀምሯል። ያልተጠበቀው ነገር የሆነው ከቀኑ 10 ሰዓት አካባቢ ነበር። ቢቢሲ የመካነእየሱስ ከተማ ፖሊስ ጽህፈት ቤት ተወካይ ሃላፊ ኢንስፔክተር አወቀ ተሸሽጎን ምን ተፈጠረ ብሎ ጠይቋል። •የጥምቀት በዓል አከባበር በጎንደር •የጦር መሳሪያዎቹ ምንጫቸው የት ነው?ኢንስፔክተሩ እንደገለጹት የሠርጉን ዳስ ለማስዋብ ከማተሚያ ቤቶች የተቆራረጡ ወረቀቶችን አቶ አደም ከባህርዳር በማስመጣት ድንኳን ዉስጥ ነስንሰዋል።በሠርጉ ደግሞ ሙስሊሙም ክርስቲያኑም ታዳሚ ነበር። አስር ሰዓት አካባቢ ግን ከተነሰነሰው የወረቀት ቁርጥራጭ መካከል ""የድንግል ማርያም ስዕለ አድህኖ"" ሲረገጥ አይተናል በማለት ክርስቲያን የሃይማኖት አባቶች ቅሬታ ያሰማሉ። የከተማ አስተዳደሩ ፖሊስ ሁኔታውን በማረጋጋት የሠርጉ ደጋሽ አቶ አደምን ፖሊስ ጣቢያ እንዲቆዩ በማድረግ ሌሎች ደግሞ ወደየመጡበት ተስማምተዉ እንዲመለሱ ያደርጋል።ይህ ግን ከተወሰኑ ደቂቃዎች በላይ መቀጠል አልቻለም። ወጣቶቹ በመሰባሰብ ተመልሰው ወደ ሠርጉ ቤት በመሄድ የሠርጉን ድንኳንና ሌሎች ንብረቶችን በማቃጠል ግጭቱን ጀመሩ።•""በግጭቱ 'ጀምበሬ' የሚባለው ሰፈር ሙሉ በሙሉ ወድሟል"" ነዋሪዎች•ከሁለት ወር በፊት ሬሳ ሳጥን ፈንቅለው የወጡት ሰው 'ዳግም' ሞቱበዚህ ያልተቋጨዉ የወጣቶቹ እንቅስቃሴ በከተማው የሚገኙ ሱቆችንና የሞባይል መጠገኛ ማዕከሎችን ከመዝረፍም በተጨማሪ በከተማዋ የሚገኘውን መስጊድ እስከማቃጠል ደርሷል ብለዋል ኢንስፔክተር አወቀ።ኢንስፔክተሩ አክለውም ""ችግሩን ለመቆጣጠር ጥረት ብናደርግም ካቅማችን በላይ በመሆኑ ከዞን ልዩ ኃይል እስኪመጣ ድረስ ችግሩ ከቁጥጥር ውጭ ሆኖ ቆይቷል"" ብለዋል። በንብረት ላይ የደረሰውን ጉዳት እያጣራን ነው ያሉት ተወካይ ሃላፊው ሁለት ግለሰቦች እና አንድ የመስጊዱ ጥበቃ ጉዳት ደርሶባቸው ህክምና ላይ መሆናቸውን ገልፀዋል።""የሙስሊሙ ማህበረሰብ ምንም አይነት የአጸፋ እርምጃ ለመውሰድ አልሞከረም። እንዲያውም ቤቱንና ንብረቱን በመተው ወደ ክርስቲያን ወገኑ በመጠለል ችግሩ እንዳይባባስ ያሳየው መልካም ተግባር የሚያስመሰግን ነው"" ብለዋል። ""ችግሩን ሆን ብሎ ያነሳሳው አካል አለ"" ያሉት ኢንስፔክተር አወቀ እስካሁን ስለተወሰደው እርምጃና የምርመራ ውጤት ለጊዜው መናገር እንደማይፈልጉ ገልጸው ወደፊት አጥፊዎቹን በህግ ተጠያቂ እንደሚያደርጉ ለቢቢሲ ተናግረዋል።ኢንስፔክተሩ ጨምረው ዛሬ በአካባቢው መረጋጋት መስፈኑንና ችግሩ በቁጥጥር ስር መዋሉን ገለጸዋል። 
",https://www.bbc.com/amharic/news-47112939
